City_ID,City,Country,Date,Lat,Lng,Max Temp,Humidity,Cloudiness,Wind Speed
0,Ushuaia,AR,6/20/2021 18:08,-54.8,-68.3,46.06,46,40,21.85
1,Mataura,NZ,6/20/2021 18:08,-46.1927,168.8643,38.59,99,34,2.44
2,Sur,OM,6/20/2021 18:08,22.5667,59.5289,88.99,58,34,10.83
3,Yellowknife,CA,6/20/2021 18:08,62.456,-114.3525,53.56,50,60,8.99
4,Mount Gambier,AU,6/20/2021 18:09,-37.8333,140.7667,33.71,100,2,5.75
5,Qaanaaq,GL,6/20/2021 18:09,77.484,-69.3632,39.49,56,0,1.45
6,Hirna,ET,6/20/2021 18:09,9.2167,41.1,63.21,79,71,12.03
7,Cape Town,ZA,6/20/2021 18:06,-33.9258,18.4232,71.1,22,33,7.49
8,La Palma,US,6/20/2021 18:09,33.8464,-118.0467,94.73,68,1,1.99
9,Altay,CN,6/20/2021 18:09,47.8667,88.1167,51.53,55,100,10.33
10,Bluff,NZ,6/20/2021 18:09,-46.6,168.3333,45.07,84,7,5.17
11,Esperance,AU,6/20/2021 18:09,-33.8667,121.9,55.45,61,94,4.76
12,Eureka,US,6/20/2021 18:07,40.8021,-124.1637,86.67,75,1,5.99
13,Lebu,CL,6/20/2021 18:09,-37.6167,-73.65,53.87,68,99,12.46
14,Skegness,GB,6/20/2021 18:09,53.1436,0.3363,58.17,85,100,12.97
15,Jamestown,US,6/20/2021 18:08,42.097,-79.2353,85.17,68,40,3
16,Thompson,CA,6/20/2021 18:04,55.7435,-97.8558,48.36,61,90,17.27
17,Port Elizabeth,ZA,6/20/2021 18:09,-33.918,25.5701,76.1,38,32,8.79
18,Carnarvon,AU,6/20/2021 18:09,-24.8667,113.6333,62.67,67,90,10.36
19,Udachnyy,RU,6/20/2021 18:09,66.4167,112.4,62.91,78,26,2.42
20,Bengkulu,ID,6/20/2021 18:09,-3.8004,102.2655,75.33,87,89,5.19
21,Abha,SA,6/20/2021 18:09,18.2164,42.5053,79.05,9,20,8.05
22,Katsuura,JP,6/20/2021 18:09,35.1333,140.3,72.19,81,70,4.07
23,Cabo San Lucas,MX,6/20/2021 18:07,22.8909,-109.9124,91.51,73,40,18.41
24,Airai,TL,6/20/2021 18:09,-8.9266,125.4092,56.55,94,45,3.91
25,Geraldton,AU,6/20/2021 18:09,-28.7667,114.6,55.81,82,75,17.27
26,Komsomolskiy,UZ,6/20/2021 18:09,40.4272,71.7189,76.42,27,91,4.32
27,Santa Cruz De Tenerife,ES,6/20/2021 18:07,28.4682,-16.2546,72.21,84,75,4
28,Arraial Do Cabo,BR,6/20/2021 18:09,-22.9661,-42.0278,80.46,54,0,5.75
29,Petropavlovsk-Kamchatskiy,RU,6/20/2021 18:09,53.0452,158.6483,44.53,79,100,11.34
30,Isangel,VU,6/20/2021 18:09,-19.55,169.2667,74.41,84,98,5.17
31,Huarmey,PE,6/20/2021 18:09,-10.0681,-78.1522,69.33,78,100,11.99
32,Punta Arenas,CL,6/20/2021 18:09,-53.15,-70.9167,39.31,75,0,10.36
33,Dalby,AU,6/20/2021 18:09,-27.1833,151.2667,51.51,80,75,7.11
34,Stolbishche,RU,6/20/2021 18:09,55.6468,49.216,81.05,47,0,4.47
35,Natal,BR,6/20/2021 18:09,-5.795,-35.2094,84.85,61,40,11.5
36,Ahipara,NZ,6/20/2021 18:09,-35.1667,173.1667,58.12,82,94,17.65
37,Albany,US,6/20/2021 18:05,42.6001,-73.9662,86.14,54,27,4.79
38,Mende,FR,6/20/2021 18:09,44.6667,3.5,60.98,76,63,3.47
39,Mar Del Plata,AR,6/20/2021 18:05,-38.0023,-57.5575,59,63,40,1.01
40,Atuona,PF,6/20/2021 18:09,-9.8,-139.0333,78.53,79,29,19.66
41,Gizo,SB,6/20/2021 18:09,-8.103,156.8419,80.26,74,99,5.35
42,Okha,RU,6/20/2021 18:09,53.5739,142.9478,44.51,83,87,7.96
43,Vaini,TO,6/20/2021 18:09,-21.2,-175.2,64.56,100,20,0
44,Kristiansund,NO,6/20/2021 18:09,63.1115,7.732,60.85,77,0,10.36
45,Fare,PF,6/20/2021 18:09,-16.7,-151.0167,79.12,75,19,6.24
46,Severo-Kurilsk,RU,6/20/2021 18:09,50.6789,156.125,42.6,89,100,7.29
47,Half Moon Bay,US,6/20/2021 18:06,37.4636,-122.4286,87.82,73,90,1.01
48,Rio Grande,BR,6/20/2021 18:09,-32.035,-52.0986,57.31,83,100,9.06
49,Ponta Delgada,PT,6/20/2021 18:09,37.7333,-25.6667,70.52,60,20,17.27
50,Boa Vista,BR,6/20/2021 18:09,2.8197,-60.6733,91.38,49,40,6.91
51,Port Alfred,ZA,6/20/2021 18:09,-33.5906,26.891,72.54,39,28,9.93
52,Hermanus,ZA,6/20/2021 18:09,-34.4187,19.2345,66.72,54,38,5.17
53,Khatanga,RU,6/20/2021 18:09,71.9667,102.5,73.36,48,97,7.29
54,Nanakuli,US,6/20/2021 18:09,21.3906,-158.1547,79.11,69,1,5.75
55,Rikitea,PF,6/20/2021 18:09,-23.1203,-134.9692,75.47,79,57,19.91
56,Sao Felix Do Xingu,BR,6/20/2021 18:09,-6.6447,-51.995,94.01,30,48,4.54
57,Hilo,US,6/20/2021 18:08,19.7297,-155.09,78.28,72,90,0
58,Najran,SA,6/20/2021 18:09,17.4924,44.1277,83.75,10,94,4.85
59,Barrow,US,6/20/2021 18:05,71.2906,-156.7887,35.62,87,90,11.5
60,Butaritari,KI,6/20/2021 18:09,3.0707,172.7902,82.33,73,32,10.07
61,Tiksi,RU,6/20/2021 18:09,71.6872,128.8694,50.63,67,75,1.63
62,Orito,CO,6/20/2021 18:09,0.6766,-76.8771,72.99,87,95,4.85
63,Jiangyou,CN,6/20/2021 18:09,31.7667,104.7167,69.71,85,91,0.45
64,Takoradi,GH,6/20/2021 18:09,4.8845,-1.7554,77.31,86,89,11.27
65,Ilulissat,GL,6/20/2021 18:09,69.2167,-51.1,39.22,93,90,11.5
66,Cockburn Town,TC,6/20/2021 18:06,21.4612,-71.1419,81.14,86,67,19.46
67,Zhangjiakou,CN,6/20/2021 18:08,40.81,114.8794,71.02,30,85,1.45
68,Portsmouth,GB,6/20/2021 18:09,50.799,-1.0913,65.91,88,85,3
69,Mahebourg,MU,6/20/2021 18:09,-20.4081,57.7,68.25,74,74,23.29
70,Busselton,AU,6/20/2021 18:09,-33.65,115.3333,49.05,80,100,21.09
71,Nikolskoye,RU,6/20/2021 18:09,59.7035,30.7861,85.89,62,3,1.7
72,Victoria,HK,6/20/2021 18:09,22.2855,114.1577,87.33,85,100,5.99
73,Flinders,AU,6/20/2021 18:09,-34.5833,150.8552,55.18,87,86,5.99
74,Constitucion,CL,6/20/2021 18:09,-35.3333,-72.4167,56.05,61,98,8.08
75,Hofn,IS,6/20/2021 18:09,64.2539,-15.2082,45.97,75,96,4.79
76,Jadu,LY,6/20/2021 18:09,31.953,12.0261,93.79,14,0,15.48
77,Saint-Philippe,RE,6/20/2021 18:09,-21.3585,55.7679,71.19,75,94,15.5
78,Georgetown,MY,6/20/2021 18:09,5.4112,100.3354,79.9,87,20,4.61
79,Chokurdakh,RU,6/20/2021 18:09,70.6333,147.9167,57.06,50,1,7.63
80,Ribeira Grande,PT,6/20/2021 18:09,38.5167,-28.7,75.6,50,20,6.91
81,West Wendover,US,6/20/2021 18:09,40.7391,-114.0733,88.81,14,1,10.36
82,Bambous Virieux,MU,6/20/2021 18:09,-20.3428,57.7575,68.22,74,70,23.2
83,Juneau,US,6/20/2021 18:05,58.3019,-134.4197,59.05,82,90,14.97
84,Padang,ID,6/20/2021 18:09,-0.9492,100.3543,76.21,80,88,4.25
85,Piacabucu,BR,6/20/2021 18:09,-10.4056,-36.4344,78.73,82,31,10.47
86,Vidim,RU,6/20/2021 18:09,56.4088,103.1106,55.89,81,0,2.42
87,Kodiak,US,6/20/2021 18:09,57.79,-152.4072,47.71,93,90,25.32
88,Saint George,US,6/20/2021 18:09,37.1041,-113.5841,106.27,13,1,1.99
89,Hokitika,NZ,6/20/2021 18:09,-42.7167,170.9667,48.45,80,90,11.92
90,Qasigiannguit,GL,6/20/2021 18:09,68.8193,-51.1922,39.45,97,100,9.51
91,Dunedin,NZ,6/20/2021 18:09,-45.8742,170.5036,43.81,91,51,1.99
92,Laguna,US,6/20/2021 18:09,38.421,-121.4238,103.66,34,1,4
93,Orange,US,6/20/2021 18:09,33.7,-117.7675,92.53,70,75,3
94,Tura,IN,6/20/2021 18:09,25.5198,90.2201,72.54,99,80,5.12
95,Ahvaz,IR,6/20/2021 18:09,31.3203,48.6693,103.95,11,0,9.22
96,Vanimo,PG,6/20/2021 18:09,-2.6741,141.3028,78.37,85,97,3.36
97,Port Blair,IN,6/20/2021 18:09,11.6667,92.75,82.62,79,75,11.07
98,Palmer,US,6/20/2021 18:09,42.1584,-72.3287,87.94,48,34,3
99,Ponta Do Sol,PT,6/20/2021 18:09,32.6667,-17.1,75,80,42,8.61
100,Avarua,CK,6/20/2021 18:09,-21.2078,-159.775,73.49,68,62,13.56
101,Mount Isa,AU,6/20/2021 18:09,-20.7333,139.5,49.77,43,0,4.61
102,Trang,TH,6/20/2021 18:09,7.5,99.5,76.33,94,79,1.25
103,Kieta,PG,6/20/2021 18:09,-6.2167,155.6333,78.13,83,70,4.12
104,Angoche,MZ,6/20/2021 18:09,-16.2325,39.9086,71.83,74,50,5.88
105,Kiunga,PG,6/20/2021 18:09,-6.1219,141.2906,70.63,100,65,0.87
106,Nouakchott,MR,6/20/2021 18:09,18.0858,-15.9785,85.93,59,5,22.93
107,Boshan,CN,6/20/2021 18:09,36.4833,117.8333,72,36,28,7.14
108,Khorixas,NA,6/20/2021 18:09,-20.3667,14.9667,68.36,29,0,9.69
109,Trat,TH,6/20/2021 18:09,12.5,102.5,80.78,92,62,2.77
110,Roald,NO,6/20/2021 18:09,62.5833,6.1333,62.17,82,75,5.75
111,Riyadh,SA,6/20/2021 18:06,24.6877,46.7219,100.45,7,0,6.91
112,Salalah,OM,6/20/2021 18:09,17.0151,54.0924,80.69,89,90,6.91
113,Souillac,MU,6/20/2021 18:09,-20.5167,57.5167,68.36,73,76,21.45
114,Baykit,RU,6/20/2021 18:09,61.67,96.37,61.72,72,53,3.62
115,Hobart,AU,6/20/2021 18:09,-42.8794,147.3294,43.02,93,2,9.22
116,Barcelos,PT,6/20/2021 18:09,41.5388,-8.6151,63.84,92,98,12.28
117,Tuktoyaktuk,CA,6/20/2021 18:09,69.4541,-133.0374,46.06,71,22,4.81
118,Upernavik,GL,6/20/2021 18:09,72.7868,-56.1549,36.18,70,21,10.29
119,Provideniya,RU,6/20/2021 18:09,64.3833,-173.3,55.76,54,10,1.36
120,East London,ZA,6/20/2021 18:05,-33.0153,27.9116,72.1,39,34,6.71
121,Seoul,KR,6/20/2021 18:05,37.5683,126.9778,69.19,89,7,1.25
122,Yerbogachen,RU,6/20/2021 18:09,61.2767,108.0108,56.62,84,27,3.06
123,Saskylakh,RU,6/20/2021 18:09,71.9167,114.0833,74.61,39,71,8.19
124,Faanui,PF,6/20/2021 18:09,-16.4833,-151.75,79.59,73,0,5.37
125,Pevek,RU,6/20/2021 18:09,69.7008,170.3133,44.62,71,9,0.25
126,Sibolga,ID,6/20/2021 18:09,1.7427,98.7792,74.82,88,98,4.07
127,Monticello,US,6/20/2021 18:09,45.3055,-93.7941,73.94,83,90,0
128,Leshukonskoye,RU,6/20/2021 18:09,64.8989,45.7622,53.98,64,100,10.16
129,Kaitangata,NZ,6/20/2021 18:09,-46.2817,169.8464,41.67,92,17,3.33
130,Umm Kaddadah,SD,6/20/2021 18:09,13.6017,26.6876,93.27,24,76,8.61
131,Dongsheng,CN,6/20/2021 18:09,39.8161,109.9776,71.64,26,98,5.06
132,Ahar,IR,6/20/2021 18:09,38.4774,47.0699,70.32,51,0,6.15
133,Sorland,NO,6/20/2021 18:09,67.667,12.6934,51.87,80,57,20.62
134,Fort Nelson,CA,6/20/2021 18:09,58.8053,-122.7002,72.66,39,55,5.7
135,Changping,CN,6/20/2021 18:09,40.2186,116.2197,80.51,25,66,3.69
136,Osypenko,UA,6/20/2021 18:09,46.9136,36.8253,79.84,74,0,7.43
137,Cayenne,GF,6/20/2021 18:09,4.9333,-52.3333,87.84,77,71,5.01
138,Markova,UA,6/20/2021 18:09,48.6758,24.4138,62.19,95,88,1.7
139,Barkhan,PK,6/20/2021 18:09,29.8977,69.5256,85.03,31,53,13.78
140,Narsaq,GL,6/20/2021 18:09,60.9167,-46.05,48.42,97,100,1.81
141,Kruisfontein,ZA,6/20/2021 18:09,-34.0033,24.7314,73.89,31,47,10.13
142,Hithadhoo,MV,6/20/2021 18:09,-0.6,73.0833,83.07,73,100,9.78
143,Luderitz,NA,6/20/2021 18:09,-26.6481,15.1594,70.59,36,0,0.78
144,Barrhead,GB,6/20/2021 18:09,55.7992,-4.3929,61.84,77,75,1.99
145,Taoudenni,ML,6/20/2021 18:09,22.6783,-3.9836,109.72,7,3,10.04
146,Kapaa,US,6/20/2021 18:09,22.0752,-159.319,80.58,79,75,1.01
147,Grindavik,IS,6/20/2021 18:09,63.8424,-22.4338,50.56,71,20,17.27
148,Mandal,IN,6/20/2021 18:09,25.45,74.5667,82.2,63,98,10
149,Flin Flon,CA,6/20/2021 18:09,54.7682,-101.865,48.16,45,68,12.64
150,Mayo,US,6/20/2021 18:09,38.8876,-76.5119,95.22,67,81,5.01
151,Mala,PE,6/20/2021 18:09,-12.6581,-76.6308,68.88,74,98,8.84
152,Madang,PG,6/20/2021 18:09,-5.2246,145.7966,76.55,89,94,3.2
153,Talnakh,RU,6/20/2021 18:09,69.4865,88.3972,43.63,98,100,5.61
154,Torbay,CA,6/20/2021 18:09,47.6666,-52.7314,63.75,90,90,1.01
155,Erzin,TR,6/20/2021 18:09,36.9559,36.2,75.72,80,1,3.44
156,Mugur-Aksy,RU,6/20/2021 18:09,50.35,90.5,51.57,63,86,3.44
157,Comodoro Rivadavia,AR,6/20/2021 18:05,-45.8667,-67.5,51.66,54,0,5.75
158,Urumqi,CN,6/20/2021 18:09,43.801,87.6005,56.35,82,90,6.71
159,Kismayo,SO,6/20/2021 18:09,-0.3582,42.5454,76.42,81,65,16.24
160,Belmonte,BR,6/20/2021 18:09,-15.8631,-38.8828,77.5,67,43,7.16
161,Poum,NC,6/20/2021 18:09,-20.2333,164.0167,71.85,67,93,11.43
162,Aswan,EG,6/20/2021 18:09,24.0934,32.907,95.14,13,0,10.13
163,Qaqortoq,GL,6/20/2021 18:09,60.7167,-46.0333,48.7,96,100,3.31
164,Dingle,PH,6/20/2021 18:10,10.9995,122.6711,76.68,89,99,5.39
165,Puerto Ayora,EC,6/20/2021 18:10,-0.7393,-90.3518,82.36,83,92,11.99
166,Chalmette,US,6/20/2021 18:10,29.9427,-89.9634,91,65,20,1.01
167,Sciacca,IT,6/20/2021 18:10,37.5082,13.0881,95.47,44,15,2.55
168,Guerrero Negro,MX,6/20/2021 18:10,27.9769,-114.0611,71.96,62,9,9.84
169,Namibe,AO,6/20/2021 18:10,-15.1961,12.1522,69.35,81,0,6.29
170,Fairbanks,US,6/20/2021 18:05,64.8378,-147.7164,65.48,66,40,1.99
171,Verin,ES,6/20/2021 18:10,41.9415,-7.4381,56.57,93,90,7.02
172,Dikson,RU,6/20/2021 18:10,73.5069,80.5464,31.86,86,12,3.96
173,Castro,BR,6/20/2021 18:10,-24.7911,-50.0119,61.72,64,25,5.37
174,New Norfolk,AU,6/20/2021 18:10,-42.7826,147.0587,42.66,88,2,2.82
175,Chuy,UY,6/20/2021 18:10,-33.6971,-53.4616,53.96,81,100,9.44
176,Kokoda,PG,6/20/2021 18:10,-8.8785,147.7407,73.08,95,100,0.76
177,Bogatyye Saby,RU,6/20/2021 18:10,56.0102,50.4483,66.06,73,18,7.02
178,Kazachinskoye,RU,6/20/2021 18:10,57.6953,93.2761,54.23,94,99,9.98
179,Maniitsoq,GL,6/20/2021 18:10,65.4167,-52.9,37.65,78,4,1.1
180,Havoysund,NO,6/20/2021 18:10,70.9963,24.6622,50.88,77,26,0.54
181,Rio Gallegos,AR,6/20/2021 18:10,-51.6226,-69.2181,44.65,61,0,20.71
182,Ancud,CL,6/20/2021 18:10,-41.8697,-73.8203,49.53,72,99,9.62
183,Hasaki,JP,6/20/2021 18:10,35.7333,140.8333,63,81,92,11.39
184,Ostrovnoy,RU,6/20/2021 18:10,68.0531,39.5131,48.92,95,100,10.63
185,Pierre,US,6/20/2021 18:10,44.3683,-100.351,75.99,53,75,25.32
186,Grand Gaube,MU,6/20/2021 18:10,-20.0064,57.6608,68.38,73,49,4
187,Morondava,MG,6/20/2021 18:10,-20.2833,44.2833,72.84,70,2,10.29
188,Longyearbyen,SJ,6/20/2021 18:07,78.2186,15.6401,35.83,99,100,11.63
189,Urengoy,RU,6/20/2021 18:10,65.9667,78.3667,44.69,67,57,6.64
190,Klaksvik,FO,6/20/2021 18:10,62.2266,-6.589,47.32,77,62,8.81
191,Adrar,MR,6/20/2021 18:10,20.5022,-10.0711,100.49,9,5,10.89
192,Nemuro,JP,6/20/2021 18:10,43.3236,145.575,47.88,98,100,21.56
193,Alekseyevskaya,RU,6/20/2021 18:10,50.2896,42.1845,69.33,67,82,10.31
194,Smithers,CA,6/20/2021 18:10,54.7804,-127.1743,71.15,36,80,3.15
195,Altamont,US,6/20/2021 18:09,42.2068,-121.7372,86.77,35,1,1.01
196,Codrington,AU,6/20/2021 18:10,-38.2667,141.9667,42.94,89,3,6.82
197,Hobyo,SO,6/20/2021 18:10,5.3505,48.5268,77.2,81,58,25.66
198,Yenagoa,NG,6/20/2021 18:10,4.9247,6.2642,74.98,95,100,4.59
199,Lorengau,PG,6/20/2021 18:10,-2.0226,147.2712,81.32,77,96,8.68
200,Sobolevo,RU,6/20/2021 18:10,54.4299,31.8996,71.15,81,49,5.59
201,Sarangani,PH,6/20/2021 18:10,5.4033,125.4636,83.46,74,92,8.86
202,Gweta,BW,6/20/2021 18:10,-20.1833,25.2333,64.26,42,69,14.67
203,Tasiilaq,GL,6/20/2021 18:10,65.6145,-37.6368,44.76,64,60,7.67
204,Puerto Carreno,CO,6/20/2021 18:10,6.189,-67.4859,86.72,64,52,4.38
205,Bay City,US,6/20/2021 18:07,43.5945,-83.8889,83.66,48,20,6.91
206,Cam Ranh,VN,6/20/2021 18:10,11.9214,109.1591,84.16,70,20,12.66
207,Boulder City,US,6/20/2021 18:10,35.9786,-114.8325,110.77,7,1,8.05
208,Pauini,BR,6/20/2021 18:10,-7.7136,-66.9764,91.49,43,29,3.51
209,Aksu,CN,6/20/2021 18:10,41.1231,80.2644,72.54,38,67,6.26
210,Itarema,BR,6/20/2021 18:10,-2.9248,-39.9167,83.44,66,70,17.27
211,Amravati,IN,6/20/2021 18:10,20.9333,77.75,86.13,51,80,6.64
212,Baglan,AF,6/20/2021 18:10,36.1307,68.7083,81.66,18,78,2.06
213,Yaan,NG,6/20/2021 18:10,7.3833,8.5667,78.26,85,64,5.66
214,Khasan,RU,6/20/2021 18:10,42.4308,130.6434,54.95,90,100,6.98
215,Yulara,AU,6/20/2021 18:10,-25.2406,130.9889,44.44,70,13,4.61
216,Myingyan,MM,6/20/2021 18:10,21.4667,95.3833,80.51,72,54,14.41
217,Portland,US,6/20/2021 18:10,45.5234,-122.6762,81.01,62,1,1.99
218,Bosaso,SO,6/20/2021 18:10,11.2842,49.1816,94.03,39,62,18.92
219,Guiyang,CN,6/20/2021 18:10,26.5833,106.7167,69.85,85,80,3.89
220,Naze,JP,6/20/2021 18:10,28.3667,129.4833,70.7,92,100,7.65
221,Sisophon,KH,6/20/2021 18:10,13.5859,102.9737,80.28,78,46,7.96
222,Aklavik,CA,6/20/2021 18:10,68.2191,-135.0107,69.57,36,69,5.26
223,Mwene-Ditu,CD,6/20/2021 18:10,-7,23.45,72.86,42,28,3.78
224,Staroderevyankovskaya,RU,6/20/2021 18:10,46.1276,38.9674,75.96,72,22,5.5
225,Sao Filipe,CV,6/20/2021 18:10,14.8961,-24.4956,73.67,74,5,14.29
226,Zyryanka,RU,6/20/2021 18:10,65.75,150.85,52.41,69,8,13.35
227,Olinda,BR,6/20/2021 18:09,-8.0089,-34.8553,78.53,73,40,6.91
228,Venado Tuerto,AR,6/20/2021 18:10,-33.7456,-61.9688,58.78,48,6,9.64
229,Hirara,JP,6/20/2021 18:10,24.8,125.2833,83.61,76,100,5.55
230,Hannibal,US,6/20/2021 18:10,39.7084,-91.3585,84.92,57,1,0
231,Turgenevo,RU,6/20/2021 18:10,54.8455,46.3297,69.87,83,1,2.57
232,Krasnorechenskiy,RU,6/20/2021 18:10,44.6265,135.3532,47.68,69,100,2.17
233,Zhigansk,RU,6/20/2021 18:10,66.7697,123.3711,66.15,59,32,2.53
234,Chapayevka,UA,6/20/2021 18:10,47.4711,36.3451,70.12,80,1,7.85
235,Arman,RU,6/20/2021 18:10,59.7,150.1667,47.14,81,20,2.51
236,Meulaboh,ID,6/20/2021 18:10,4.1363,96.1285,75.69,85,100,3.96
237,Clyde River,CA,6/20/2021 18:10,70.4692,-68.5914,35.85,94,64,5.35
238,Bredasdorp,ZA,6/20/2021 18:10,-34.5322,20.0403,56.52,72,25,4.61
239,Isugod,PH,6/20/2021 18:10,9.3408,118.1196,79.88,87,100,8.86
240,Waingapu,ID,6/20/2021 18:10,-9.6567,120.2641,76.3,86,31,8.03
241,Lumeje,AO,6/20/2021 18:10,-11.55,20.7833,66.27,41,79,5.66
242,Bethel,US,6/20/2021 18:10,41.3712,-73.414,87.87,58,20,6.91
243,Ketchikan,US,6/20/2021 18:10,55.3422,-131.6461,55.38,80,100,3.74
244,Halifax,CA,6/20/2021 18:07,44.6453,-63.5724,81.52,57,56,5.01
245,La Ronge,CA,6/20/2021 18:10,55.1001,-105.2842,48.79,47,83,10.27
246,Zile,TR,6/20/2021 18:10,40.3031,35.8864,67.32,72,0,5.26
247,Aykhal,RU,6/20/2021 18:10,66,111.5,60.55,83,63,4.54
248,Camacha,PT,6/20/2021 18:10,33.0833,-16.3333,71.53,83,75,13.8
249,Praia,CV,6/20/2021 18:10,14.9215,-23.5087,79.34,57,20,27.63
250,Naryan-Mar,RU,6/20/2021 18:10,67.6713,53.087,51.75,65,98,6.51
251,Lompoc,US,6/20/2021 18:10,34.6391,-120.4579,89.13,76,1,6.91
252,Los Llanos De Aridane,ES,6/20/2021 18:10,28.6585,-17.9182,67.75,82,20,11.5
253,Dungarpur,IN,6/20/2021 18:10,23.8333,73.7167,78.69,76,87,10
254,Alofi,NU,6/20/2021 18:10,-19.0595,-169.9187,74.39,69,40,9.98
255,High Rock,BS,6/20/2021 18:10,26.6208,-78.2833,86.02,78,97,13.18
256,Figeac,FR,6/20/2021 18:10,44.75,1.9167,68.38,73,64,3.6
257,Noumea,NC,6/20/2021 18:10,-22.2763,166.4572,71.01,99,98,9.55
258,Tuatapere,NZ,6/20/2021 18:10,-46.1333,167.6833,43.18,93,45,1.74
259,Margate,GB,6/20/2021 18:10,51.3813,1.3862,62.31,89,94,5.01
260,Abu Samrah,SY,6/20/2021 18:10,35.3029,37.1841,76.33,40,0,13.42
261,Birao,CF,6/20/2021 18:10,10.2849,22.7882,78.01,68,89,3.87
262,Kuusamo,FI,6/20/2021 18:10,65.9667,29.1833,57.24,88,90,8.05
263,Vila Franca Do Campo,PT,6/20/2021 18:10,37.7167,-25.4333,70.21,64,0,10.74
264,Vokhtoga,RU,6/20/2021 18:10,58.8147,41.0461,71.31,72,51,5.44
265,Ayagoz,KZ,6/20/2021 18:10,47.9714,80.4392,54.66,33,33,16.8
266,Maunabo,PR,6/20/2021 18:10,18.0072,-65.8993,87.69,86,85,13.53
267,Ambulu,ID,6/20/2021 18:10,-8.345,113.6058,74.59,90,58,3.29
268,Huron,US,6/20/2021 18:10,41.1501,-82.5499,85.82,67,36,13.11
269,Kardymovo,RU,6/20/2021 18:10,54.8902,32.4311,71.44,83,40,2.77
270,Lagoa,PT,6/20/2021 18:10,39.05,-27.9833,65.12,71,5,13.29
271,Dalen,NL,6/20/2021 18:10,52.6992,6.7556,76.33,81,74,1.99
272,Avera,US,6/20/2021 18:10,33.194,-82.5271,76.66,92,67,15.48
273,Doctor Juan Leon Mallorquin,PY,6/20/2021 18:10,-25.4,-55.2667,62.33,63,90,2.75
274,Kisanga,TZ,6/20/2021 18:10,-7.4362,37.7034,70.21,59,42,0.85
275,Beirut,LB,6/20/2021 18:07,33.8889,35.4944,75.61,71,1,7.96
276,Chato,TZ,6/20/2021 18:10,-2.6378,31.7669,71.62,62,100,3.71
277,Manicore,BR,6/20/2021 18:10,-5.8092,-61.3003,87.85,56,23,3.22
278,Novo Oriente,BR,6/20/2021 18:10,-5.5344,-40.7742,91.89,31,27,8.84
279,Kulachi,PK,6/20/2021 18:10,31.9286,70.4592,88.05,30,52,7.96
280,Laramie,US,6/20/2021 18:10,41.3114,-105.5911,77.56,21,1,5.01
281,Ascension,US,6/20/2021 18:10,30.2169,-90.9001,93.07,68,40,11.5
282,Bonthe,SL,6/20/2021 18:10,7.5264,-12.505,77.13,89,98,9.53
283,Meadow Lake,US,6/20/2021 18:10,34.8014,-106.5436,97.68,16,4,11.27
284,Chandler,US,6/20/2021 18:06,33.3062,-111.8412,108.46,18,1,5.01
285,Zihuatanejo,MX,6/20/2021 18:10,17.6333,-101.55,87.89,66,75,3.94
286,Leningradskiy,RU,6/20/2021 18:10,69.3833,178.4167,40.89,84,16,7.14
287,Trairi,BR,6/20/2021 18:09,-3.2778,-39.2689,84.09,63,54,13.89
288,Kailua,US,6/20/2021 18:10,21.4022,-157.7394,79.14,67,1,10.36
289,Petrokamenskoye,RU,6/20/2021 18:10,57.716,60.6484,54.03,41,24,12.95
290,Praia Da Vitoria,PT,6/20/2021 18:10,38.7333,-27.0667,65.66,72,3,13.85
291,Ulaanbaatar,MN,6/20/2021 18:10,47.9077,106.8832,51.93,76,0,4.47
292,Port Hardy,CA,6/20/2021 18:10,50.6996,-127.4199,55.58,94,90,5.75
293,Nayagarh,IN,6/20/2021 18:10,20.1333,85.1,83.62,63,74,4.18
294,Barra Patuca,HN,6/20/2021 18:10,15.8,-84.2833,86.54,67,24,13.15
295,Karpogory,RU,6/20/2021 18:10,64.0019,44.4451,62.47,59,44,9.82
296,Prienai,LT,6/20/2021 18:10,54.6333,23.95,84.47,79,17,9.04
297,Lufkin,US,6/20/2021 18:10,31.3382,-94.7291,91.31,55,75,9.22
298,Vao,NC,6/20/2021 18:10,-22.6667,167.4833,71.65,65,97,19.3
299,Kilindoni,TZ,6/20/2021 18:10,-7.9139,39.6668,77.25,77,44,15.93
300,Khargapur,IN,6/20/2021 18:10,24.823,79.144,86.09,57,81,12.19
301,Port Hawkesbury,CA,6/20/2021 18:10,45.6169,-61.3485,78.91,71,66,7
302,Vicuna,CL,6/20/2021 18:10,-30.0319,-70.7081,66.78,41,2,6.62
303,Nicoya,CR,6/20/2021 18:10,10.1483,-85.452,81.95,68,69,1.36
304,Thinadhoo,MV,6/20/2021 18:10,0.5333,72.9333,83.59,71,67,10.09
305,Kaabong,UG,6/20/2021 18:10,3.4836,34.1492,67.68,64,98,5.57
306,Vaxjo,SE,6/20/2021 18:10,56.8777,14.8091,81.72,54,20,12.66
307,Hamilton,US,6/20/2021 18:09,39.1834,-84.5333,88.25,68,75,4
308,Nanortalik,GL,6/20/2021 18:11,60.1432,-45.2371,43.18,96,100,5.64
309,Williams Lake,CA,6/20/2021 18:07,52.1415,-122.1445,64.22,46,6,1.99
310,Chara,RU,6/20/2021 18:11,56.9064,118.2631,55.51,73,76,3
311,Beira,MZ,6/20/2021 18:10,-19.8436,34.8389,68.09,83,75,8.05
312,Northam,GB,6/20/2021 18:11,51.0333,-4.2167,64.29,86,100,14
313,Pandoh,IN,6/20/2021 18:11,31.6833,77.05,74.5,69,42,5.73
314,Ukiah,US,6/20/2021 18:09,39.1502,-123.2078,98.13,31,1,5.75
315,Kununurra,AU,6/20/2021 18:11,-15.7667,128.7333,57.18,72,13,0
316,Vila,PT,6/20/2021 18:11,42.0304,-8.1588,49.75,89,100,9.06
317,Templin,DE,6/20/2021 18:11,53.1186,13.5022,88.72,60,59,6.55
318,Menomonie,US,6/20/2021 18:11,44.8755,-91.9193,75.51,95,100,10.27
319,San Andres,CO,6/20/2021 18:11,12.5847,-81.7006,87.82,70,75,16.11
320,Cidreira,BR,6/20/2021 18:11,-30.1811,-50.2056,61.68,82,97,1.52
321,Tecoanapa,MX,6/20/2021 18:11,16.5167,-98.75,85.62,66,82,5.46
322,Lima,PE,6/20/2021 18:07,-12.0432,-77.0282,70.9,75,90,11.5
323,Nome,US,6/20/2021 18:11,64.5011,-165.4064,65.16,55,1,5.75
324,Simao,CN,6/20/2021 18:11,22.7886,100.9748,64.83,95,43,2.13
325,The Valley,AI,6/20/2021 18:11,18.217,-63.0578,86.09,80,33,20.71
326,Fresnillo,MX,6/20/2021 18:11,23.1667,-102.8833,63.95,46,83,14.16
327,Darnah,LY,6/20/2021 18:11,32.767,22.6367,76.3,67,0,16.53
328,Lavrentiya,RU,6/20/2021 18:11,65.5833,-171,46.31,75,4,2.24
329,San Lazaro,BZ,6/20/2021 18:11,18.0387,-88.6622,88.66,62,76,11.79
330,Haines Junction,CA,6/20/2021 18:11,60.7522,-137.5108,58.95,47,99,2.3
331,Villa Bruzual,VE,6/20/2021 18:11,9.3328,-69.1208,81.57,81,98,2.68
332,Loandjili,CG,6/20/2021 18:11,-4.7561,11.8578,75.92,84,19,8.01
333,Tabou,CI,6/20/2021 18:11,4.423,-7.3528,76.91,88,100,8.34
334,Hueyapan,MX,6/20/2021 18:11,18.8667,-98.6667,69.98,57,99,7.11
335,Chernyshevskiy,RU,6/20/2021 18:11,63.0128,112.4714,62.6,69,93,0.36
336,Cartagena Del Chaira,CO,6/20/2021 18:09,1.3349,-74.8429,74.44,97,100,0.22
337,Itoman,JP,6/20/2021 18:11,26.1247,127.6694,80.98,91,75,5.75
338,Kupang,ID,6/20/2021 18:11,-10.1667,123.5833,75.9,79,5,10.87
339,Pisco,PE,6/20/2021 18:11,-13.7,-76.2167,68.05,73,90,9.22
340,Makakilo City,US,6/20/2021 18:10,21.3469,-158.0858,77.68,66,1,5.75
341,Palera,IN,6/20/2021 18:11,25.0167,79.2333,87.49,53,73,12.91
342,Dovers,VC,6/20/2021 18:11,12.8833,-61.1833,80.35,81,32,17.07
343,Horsham,GB,6/20/2021 18:11,51.064,-0.3272,64.87,66,40,12.66
344,Fortuna,US,6/20/2021 18:11,40.5982,-124.1573,86.41,77,1,9.22
345,Tiznit,MA,6/20/2021 18:11,29.5833,-9.5,64.13,66,0,8.77
346,Aqtobe,KZ,6/20/2021 18:11,50.2797,57.2072,84.29,37,0,8.95
347,San Ignacio,BZ,6/20/2021 18:11,17.1561,-89.0714,93.83,49,85,6.96
348,Chicama,PE,6/20/2021 18:11,-7.8447,-79.1469,68.54,66,91,10.29
349,Mangai,CD,6/20/2021 18:11,-4.05,19.5333,79.09,37,11,2.08
350,Saint-Pierre,RE,6/20/2021 18:11,-21.3393,55.4781,69.48,79,75,17.27
351,Gravdal,NO,6/20/2021 18:11,68.1214,13.5031,51.69,71,20,12.66
352,Benguela,AO,6/20/2021 18:11,-12.5763,13.4055,73.06,77,4,1.7
353,Puerto Narino,CO,6/20/2021 18:11,-3.7703,-70.3831,76.95,91,71,3.8
354,Umm Lajj,SA,6/20/2021 18:11,25.0213,37.2685,87.12,41,2,7.83
355,Cap-Aux-Meules,CA,6/20/2021 18:11,47.3821,-61.8597,64.42,82,65,16.11
356,Lagos,NG,6/20/2021 18:11,6.5833,3.75,75.72,94,100,6.15
357,Westport,US,6/20/2021 18:11,41.1415,-73.3579,89.62,51,1,1.99
358,Goshen,US,6/20/2021 18:11,41.5823,-85.8344,88.36,65,20,9.22
359,Lerwick,GB,6/20/2021 18:11,60.1545,-1.1494,51.8,72,88,2.13
360,Senador Jose Porfirio,BR,6/20/2021 18:11,-2.5908,-51.9542,83.41,69,35,0.45
361,Fort Frances,CA,6/20/2021 18:07,48.5999,-93.4003,62.17,74,90,4.61
362,San Vicente,AR,6/20/2021 18:11,-26.6167,-54.1333,58.42,71,96,2.82
363,Kahului,US,6/20/2021 18:11,20.8947,-156.47,78.84,75,1,10.36
364,El Tigre,VE,6/20/2021 18:11,8.8875,-64.2454,91.74,37,61,13.42
365,Visby,SE,6/20/2021 18:11,57.6409,18.296,79.02,53,0,14.97
366,Hualmay,PE,6/20/2021 18:11,-11.0964,-77.6139,67.89,77,100,11.59
367,Kuvshinovo,RU,6/20/2021 18:11,57.0295,34.1725,73.13,79,7,6.29
368,Radcliff,US,6/20/2021 18:11,37.8404,-85.9491,89.22,57,40,8.05
369,Beringovskiy,RU,6/20/2021 18:11,63.05,179.3167,41.76,84,100,4.5
370,Saint-Paul,RE,6/20/2021 18:11,-21.0096,55.2707,69.91,85,50,4
371,Vostok,RU,6/20/2021 18:11,46.4856,135.8833,43.45,65,88,3.24
372,Sitka,US,6/20/2021 18:11,57.0531,-135.33,57.09,82,90,9.22
373,Willmar,US,6/20/2021 18:11,45.1219,-95.0433,73.08,85,1,0
374,Vestmannaeyjar,IS,6/20/2021 18:11,63.4427,-20.2734,49.19,76,0,23.02
375,Kaseda,JP,6/20/2021 18:11,31.4167,130.3167,71.51,75,86,4.88
376,Ville-Marie,CA,6/20/2021 18:11,47.3335,-79.433,75.79,39,45,8.95
377,Savyntsi,UA,6/20/2021 18:11,49.4026,37.0627,70.03,77,84,10.45
378,Mehamn,NO,6/20/2021 18:11,71.0357,27.8492,51.75,62,0,4.61
379,Kropotkin,RU,6/20/2021 18:11,45.4375,40.5756,74.73,79,18,3.09
380,Norman Wells,CA,6/20/2021 18:11,65.282,-126.8329,68.05,35,85,8.9
381,Rosetta,EG,6/20/2021 18:11,31.4044,30.4164,74.53,70,0,6.42
382,Campbellsville,US,6/20/2021 18:11,37.3434,-85.3419,87.4,49,87,4
383,Agropoli,IT,6/20/2021 18:11,40.3469,14.9966,81.72,69,17,4.03
384,Taunggyi,MM,6/20/2021 18:11,20.7833,97.0333,60.71,95,9,4.21
385,Saint-Georges,GD,6/20/2021 18:11,12.0564,-61.7485,80.89,81,51,13.33
386,Vallenar,CL,6/20/2021 18:11,-28.5708,-70.7581,68.31,30,2,8.01
387,Chumikan,RU,6/20/2021 18:11,54.7183,135.315,37.81,89,20,2.13
388,Broome,US,6/20/2021 18:11,42.2506,-75.833,83.62,66,75,3
389,Kenai,US,6/20/2021 18:11,60.5544,-151.2583,56.03,88,90,12.66
390,Deputatskiy,RU,6/20/2021 18:11,69.3,139.9,58.03,54,2,2.91
391,Necochea,AR,6/20/2021 18:11,-38.5473,-58.7368,58.03,50,71,10.18
392,Zabaykalsk,RU,6/20/2021 18:11,49.6333,117.3167,52.79,92,28,5.61
393,Caucaia,BR,6/20/2021 18:11,-3.7361,-38.6531,85.95,69,20,13.8
394,Soyo,AO,6/20/2021 18:11,-6.1349,12.3689,74.97,85,2,11.03
395,San Martin,AR,6/20/2021 18:11,-33.081,-68.4681,50.38,47,1,5.17
396,Dzhebariki-Khaya,RU,6/20/2021 18:11,62.2167,135.8,62.42,62,83,1.86
397,Coolum Beach,AU,6/20/2021 18:11,-26.5333,153.1,54.34,87,18,10.29
398,North Bend,US,6/20/2021 18:11,43.4065,-124.2243,78.94,70,1,19.57
399,Pokhara,NP,6/20/2021 18:11,28.2333,83.9833,71.13,93,100,0.58
400,San Cristobal,VE,6/20/2021 18:11,7.7669,-72.225,73.58,86,99,6.35
401,Kirovskiy,RU,6/20/2021 18:11,45.0917,133.5136,50.94,86,99,3.91
402,Celestun,MX,6/20/2021 18:11,20.8667,-90.4,89.62,62,100,2.71
403,Ulladulla,AU,6/20/2021 18:11,-35.35,150.4667,50.09,86,83,7.92
404,Awjilah,LY,6/20/2021 18:11,29.1081,21.2869,87.55,22,0,7.45
405,Hami,CN,6/20/2021 18:11,42.8,93.45,83.28,23,8,12.17
406,Salinopolis,BR,6/20/2021 18:11,-0.6136,-47.3561,83.25,73,76,11.52
407,Muhos,FI,6/20/2021 18:11,64.808,25.9931,56.98,78,91,5.99
408,Paamiut,GL,6/20/2021 18:11,61.994,-49.6678,41.07,98,100,7.56
409,Pedasi,PA,6/20/2021 18:11,7.5333,-80.0333,84.43,72,98,4.85
410,Bareli,IN,6/20/2021 18:11,28.35,79.4167,81.46,77,68,6.8
411,Acarau,BR,6/20/2021 18:10,-2.8856,-40.12,83.55,67,75,18.14
412,Goure,NE,6/20/2021 18:11,13.9835,10.2704,91.02,25,41,6.85
413,Eloy,US,6/20/2021 18:11,32.7559,-111.5548,110.53,13,3,16.11
414,Conde,BR,6/20/2021 18:11,-7.2597,-34.9075,83.66,70,20,6.91
415,Mingshui,CN,6/20/2021 18:11,36.7167,117.5,76.44,33,33,10.8
416,Saiha,IN,6/20/2021 18:11,22.4833,92.9667,69.06,97,96,2.51
417,Korla,CN,6/20/2021 18:11,41.7597,86.1469,77.14,27,30,12.01
418,Gimli,CA,6/20/2021 18:11,50.6336,-96.9907,64.44,55,87,17.27
419,Turukhansk,RU,6/20/2021 18:11,65.8167,87.9833,48.4,96,100,7.54
420,Bitung,ID,6/20/2021 18:11,1.4451,125.1824,74.25,83,76,4.92
421,Pangnirtung,CA,6/20/2021 18:11,66.1451,-65.7125,44.87,69,71,6.46
422,Porbandar,IN,6/20/2021 18:11,21.6422,69.6093,85.19,70,64,17.58
423,Blagoyevo,RU,6/20/2021 18:11,63.3667,47.9167,55.26,58,66,7.34
424,Galle,LK,6/20/2021 18:09,6.0367,80.217,80.92,83,79,12.93
425,Bengbu,CN,6/20/2021 18:11,32.9408,117.3608,71.02,76,63,4.94
426,Athabasca,CA,6/20/2021 18:11,54.7169,-113.2854,62.29,47,3,3.44
427,Port Keats,AU,6/20/2021 18:11,-14.25,129.55,64.6,35,6,8.21
428,Buribay,RU,6/20/2021 18:11,51.9617,58.1592,63.79,68,1,8.79
429,Kavaratti,IN,6/20/2021 18:11,10.5669,72.642,83.17,75,96,17.76
430,Ixtapa,MX,6/20/2021 18:11,20.7,-105.2,86.23,66,75,5.75
431,Andreapol,RU,6/20/2021 18:11,56.6513,32.2664,75.54,65,47,0.51
432,Mimongo,GA,6/20/2021 18:11,-1.6195,11.6068,72.41,90,93,3.27
433,Bom Jesus,BR,6/20/2021 18:11,-9.0744,-44.3586,95.88,22,2,7.94
434,Ust-Kuyga,RU,6/20/2021 18:11,70.0167,135.6,71.42,46,76,3.33
435,Vardo,NO,6/20/2021 18:11,70.3705,31.1107,48.4,93,75,4.61
436,Vaitape,PF,6/20/2021 18:11,-16.5167,-151.75,79.57,73,0,5.39
437,Soverato,IT,6/20/2021 18:11,38.685,16.5499,76.95,58,2,4.85
438,Olden,NO,6/20/2021 18:11,61.8364,6.8064,62.17,88,100,1.68
439,Taltal,CL,6/20/2021 18:11,-25.4,-70.4833,62.89,68,63,6.33
440,Malmesbury,ZA,6/20/2021 18:11,-33.4608,18.7271,69.76,38,26,5.53
441,Alyangula,AU,6/20/2021 18:11,-13.8483,136.4192,69.26,70,24,10.11
442,Nizhnyaya Poyma,RU,6/20/2021 18:11,56.1622,97.1933,60.33,98,83,7.2
443,Filingue,NE,6/20/2021 18:11,14.3521,3.3168,100.17,26,27,6.31
444,Xichang,CN,6/20/2021 18:11,27.8964,102.2634,67.5,90,83,4.03
445,Eten,PE,6/20/2021 18:11,-6.9081,-79.8642,71.85,77,0,16.11
446,Victoria Point,AU,6/20/2021 18:11,-27.5833,153.3,59.92,89,11,7.25
447,Orsha,BY,6/20/2021 18:11,54.5153,30.4053,71.73,85,40,5.57
448,Chipinge,ZW,6/20/2021 18:11,-20.1883,32.6236,53.55,94,80,2.82
449,Jacksonville,US,6/20/2021 18:07,30.3322,-81.6556,82.99,78,75,3
450,La Cruz,MX,6/20/2021 18:11,23.9167,-106.9,86.47,73,76,5.01
451,Pangai,TO,6/20/2021 18:11,-19.8,-174.35,76.44,68,31,6.33
452,Banda Aceh,ID,6/20/2021 18:11,5.5577,95.3222,79.77,73,96,11.36
453,Asau,RO,6/20/2021 18:11,46.4333,26.4,68.92,90,40,1.68
454,Garowe,SO,6/20/2021 18:11,8.4054,48.4845,84.43,38,97,21.61
455,Batemans Bay,AU,6/20/2021 18:11,-35.7167,150.1833,50.92,77,89,5.55
456,Ngama,TD,6/20/2021 18:11,11.7833,17.1667,94.75,31,41,3.6
457,Rocha,UY,6/20/2021 18:11,-34.4833,-54.3333,54.68,64,76,7.49
458,Manali,IN,6/20/2021 18:11,13.1667,80.2667,87.89,80,100,13.06
459,Campbell River,CA,6/20/2021 18:11,50.0163,-125.2446,71.6,63,75,1.99
460,San Policarpo,PH,6/20/2021 18:11,12.1791,125.5072,78.33,86,100,6.02
461,Namatanai,PG,6/20/2021 18:11,-3.6667,152.4333,78.28,82,78,8.68
462,Huittinen,FI,6/20/2021 18:11,61.1833,22.7,81.72,63,79,6.42
463,Eydhafushi,MV,6/20/2021 18:11,5.1033,73.0708,82.54,72,28,12.82
464,Hervey Bay,AU,6/20/2021 18:08,-25.2986,152.8535,56.03,82,7,3
465,Krasnyy Chikoy,RU,6/20/2021 18:11,50.3643,108.7512,51.69,80,48,3.44
466,Touros,BR,6/20/2021 18:11,-5.1989,-35.4608,85.1,63,68,13.8
467,Hirosaki,JP,6/20/2021 18:12,40.5931,140.4725,59.68,94,88,5.01
468,Santiago,CL,6/20/2021 18:07,-33.4569,-70.6483,54.86,63,40,3.44
469,Saveh,IR,6/20/2021 18:12,35.0213,50.3566,89.15,10,7,5.79
470,Oistins,BB,6/20/2021 18:09,13.0667,-59.5333,87.89,58,40,23.02
471,Port Shepstone,ZA,6/20/2021 18:12,-30.7414,30.455,65.98,69,0,10.04
472,At-Bashi,KG,6/20/2021 18:12,41.1702,75.8106,51.35,65,87,1.45
473,Trincomalee,LK,6/20/2021 18:12,8.5711,81.2335,80.62,76,86,10.78
474,Auki,SB,6/20/2021 18:12,-8.7676,160.7034,74.93,86,96,3.62
475,Balkanabat,TM,6/20/2021 18:12,39.5108,54.3671,87.22,10,0,14.34
476,Karaman,TR,6/20/2021 18:12,37.0833,33.25,66.31,41,12,13.42
477,Ankazoabo,MG,6/20/2021 18:12,-22.2833,44.5167,66.38,66,14,11.3
478,Tripoli,LY,6/20/2021 18:09,32.8752,13.1875,83.93,48,0,14.34
479,Olafsvik,IS,6/20/2021 18:12,64.8945,-23.7142,46.9,69,19,12.55
480,Bozdar,PK,6/20/2021 18:12,27.1828,68.636,96.87,50,15,23.8
481,Kyrylivka,UA,6/20/2021 18:12,46.3759,35.3675,72.16,76,0,7.34
482,Faya,SA,6/20/2021 18:12,18.3851,42.4509,79.32,27,78,4.7
483,Valentin Gomez Farias,MX,6/20/2021 18:12,28.2167,-106.5833,90.54,15,32,5.68
484,Bayji,IQ,6/20/2021 18:12,34.9311,43.487,91.74,11,0,10.87
485,Santa Isabel Do Rio Negro,BR,6/20/2021 18:12,-0.4139,-65.0192,89.22,51,71,6.53
486,Hojai,IN,6/20/2021 18:12,26,92.8667,76.17,90,76,3.58
487,Lulea,SE,6/20/2021 18:12,65.5842,22.1547,59.07,77,0,4.61
488,Andenes,NO,6/20/2021 18:12,69.3143,16.1194,48.18,81,17,6.91
489,Yibin,CN,6/20/2021 18:12,28.7667,104.6238,73.33,79,69,1.03
490,Ploemeur,FR,6/20/2021 18:12,47.7333,-3.4333,64.81,92,75,5.75
491,Mazatlan,MX,6/20/2021 18:07,23.2167,-106.4167,87.03,81,75,1.01
492,Bara,NG,6/20/2021 18:12,10.3744,10.7288,83.3,61,48,4.79
493,Masakin,TN,6/20/2021 18:12,35.7292,10.5808,92.97,27,75,8.03
494,Asyut,EG,6/20/2021 18:12,27.181,31.1837,93.2,14,0,7.67
495,Kalat,PK,6/20/2021 18:12,29.0225,66.5916,73.74,29,83,3.51
496,Araouane,ML,6/20/2021 18:12,18.9048,-3.5265,102.49,17,56,9.17
497,Svetlaya,RU,6/20/2021 18:12,46.5389,138.3297,51.22,68,100,9.98
498,Anchorage,US,6/20/2021 18:12,61.2181,-149.9003,60.42,77,75,0
499,Tieli,CN,6/20/2021 18:12,46.95,128.05,50.63,92,42,7.52
500,Bocas Del Toro,PA,6/20/2021 18:12,9.3333,-82.25,83.07,71,100,9.15
501,Scottsbluff,US,6/20/2021 18:12,41.8666,-103.6672,82.63,31,1,11.99
502,Pacific Grove,US,6/20/2021 18:07,36.6177,-121.9166,82.17,83,20,3
503,Porto Walter,BR,6/20/2021 18:12,-8.2686,-72.7439,91,42,35,3.09
504,Arlit,NE,6/20/2021 18:12,18.7369,7.3853,102.49,10,10,6.67
505,Chuguyevka,RU,6/20/2021 18:12,44.1653,133.8633,49.53,95,100,2.42
506,Nadym,RU,6/20/2021 18:12,65.5333,72.5167,46.62,54,83,18.99
507,Iqaluit,CA,6/20/2021 18:09,63.7506,-68.5145,40.69,73,72,17
508,Panalingaan,PH,6/20/2021 18:12,8.7842,117.4231,79,87,100,7.18
509,Gosainganj,IN,6/20/2021 18:12,26.5833,82.3833,79.38,88,100,12.75
510,Sakakah,SA,6/20/2021 18:12,29.9697,40.2064,93.85,10,0,5.68
511,Berlevag,NO,6/20/2021 18:12,70.8578,29.0864,51.8,81,20,10.36
512,Wahiawa,US,6/20/2021 18:12,21.5028,-158.0236,75.87,71,1,0
513,Wexford,IE,6/20/2021 18:09,52.3342,-6.4575,62.22,82,53,13.04
514,Husavik,IS,6/20/2021 18:12,66.0449,-17.3389,51.71,68,47,2.95
515,Knysna,ZA,6/20/2021 18:12,-34.0363,23.0471,80.98,38,26,5.68
516,Kudahuvadhoo,MV,6/20/2021 18:12,2.6708,72.8944,82.45,75,32,9.75
517,Fuxin,CN,6/20/2021 18:12,42.0156,121.6589,65.79,55,3,2.62
518,Rovaniemi,FI,6/20/2021 18:12,66.5,25.7167,54.81,82,90,3.44
519,Abu Zabad,SD,6/20/2021 18:12,12.35,29.25,85.19,45,85,14.36
520,Buchanan,LR,6/20/2021 18:12,5.8808,-10.0467,80.56,86,99,10.33
521,Kirakira,SB,6/20/2021 18:12,-10.4544,161.9205,77.29,83,100,5.37
522,Shepsi,RU,6/20/2021 18:12,44.0361,39.1489,72.25,86,22,4.81
523,Wuning,CN,6/20/2021 18:12,29.2589,120.2311,69.15,98,100,2.37
524,Paraiso,CR,6/20/2021 18:12,9.8383,-83.8656,75.96,72,69,4.59
525,Havelock,US,6/20/2021 18:07,34.8791,-76.9013,84.97,87,100,8.99
526,Rawson,AR,6/20/2021 18:12,-43.3002,-65.1023,52.03,33,16,10.36
527,Sarata,UA,6/20/2021 18:12,46.0197,29.6657,68.52,90,34,6.13
528,Labuhan,ID,6/20/2021 18:12,-6.8844,112.2051,79.16,79,100,3.91
529,Salvador,SV,6/20/2021 18:12,13.8333,-88.9167,86.05,69,100,1.57
530,Ushibuka,JP,6/20/2021 18:12,32.1906,130.0228,72.21,78,45,2.28
531,Balsta,SE,6/20/2021 18:12,59.5671,17.5278,78.3,66,33,13.69
532,Ligayan,PH,6/20/2021 18:12,4.6533,119.4706,83.37,71,82,3.4
533,College,US,6/20/2021 18:12,64.8569,-147.8028,65.46,66,40,5.75
534,Kyabe,TD,6/20/2021 18:12,9.4515,18.9449,87.17,42,26,2.71
535,Reconquista,AR,6/20/2021 18:12,-29.15,-59.65,63.55,53,6,5.55
536,Sao Joao Da Barra,BR,6/20/2021 18:12,-21.6403,-41.0511,82.49,65,10,3.29
537,Rundu,NA,6/20/2021 18:12,-17.9333,19.7667,60.15,37,18,7.43
538,Tramore,IE,6/20/2021 18:12,52.1624,-7.1524,61.74,73,95,5.01
539,Marzuq,YE,6/20/2021 18:12,14.4,46.4667,79.81,47,92,6.89
540,Beloha,MG,6/20/2021 18:12,-25.1667,45.05,64.11,77,17,15.55
541,Jalu,LY,6/20/2021 18:12,29.0331,21.5482,87.57,22,0,7.18
542,Mahon,ES,6/20/2021 18:12,39.8885,4.2658,73.96,88,20,13.8
543,Kavieng,PG,6/20/2021 18:12,-2.5744,150.7967,81.57,76,61,12.64
