City_ID,City,Country,Lat,Lng,Max Temp,Humidity,Cloudiness,Wind Speed,Current Description,Date
0,Mar Del Plata,AR,-38.0023,-57.5575,57.99,69,40,11.01,scattered clouds,2021-06-21 16:50:05
1,Gorom-Gorom,BF,14.4439,-0.2361,87.64,53,62,17.94,broken clouds,2021-06-21 16:50:25
2,Yellowknife,CA,62.456,-114.3525,61.32,44,20,2.3,few clouds,2021-06-21 16:50:26
3,Mount Gambier,AU,-37.8333,140.7667,40.91,93,98,9.22,overcast clouds,2021-06-21 16:50:26
4,Vaini,TO,-21.2,-175.2,66.36,94,20,2.3,mist,2021-06-21 16:50:26
5,Worthington,US,40.0931,-83.018,86.05,80,75,5.01,light rain,2021-06-21 16:49:30
6,Hilo,US,19.7297,-155.09,74.62,85,1,4.61,clear sky,2021-06-21 16:50:27
7,Kapaa,US,22.0752,-159.319,75.52,84,20,13.8,light rain,2021-06-21 16:50:27
8,Thompson,CA,55.7435,-97.8558,46.56,66,90,12.66,overcast clouds,2021-06-21 16:50:28
9,Sechelt,CA,49.4664,-123.7694,77.45,61,98,5.84,overcast clouds,2021-06-21 16:47:46
10,Garowe,SO,8.4054,48.4845,86.45,36,52,22.44,broken clouds,2021-06-21 16:50:28
11,Rikitea,PF,-23.1203,-134.9692,75.69,82,94,19.84,overcast clouds,2021-06-21 16:45:39
12,Dingle,PH,10.9995,122.6711,77.31,86,100,4.36,overcast clouds,2021-06-21 16:50:29
13,Ushtobe,KZ,45.2514,77.9838,61.77,60,99,18.7,moderate rain,2021-06-21 16:50:29
14,New Norfolk,AU,-42.7826,147.0587,40.66,89,7,2.8,clear sky,2021-06-21 16:50:30
15,Port-Gentil,GA,-0.7193,8.7815,80.56,78,75,9.22,broken clouds,2021-06-21 16:50:30
16,Codrington,AU,-38.2667,141.9667,42.71,83,94,7.7,overcast clouds,2021-06-21 16:50:30
17,Grand Gaube,MU,-20.0064,57.6608,70.2,69,99,4.0,light rain,2021-06-21 16:50:31
18,Kirakira,SB,-10.4544,161.9205,78.12,86,99,8.01,heavy intensity rain,2021-06-21 16:50:31
19,Busselton,AU,-33.65,115.3333,44.04,79,100,10.31,overcast clouds,2021-06-21 16:50:31
20,Mataura,NZ,-46.1927,168.8643,43.48,93,100,3.09,overcast clouds,2021-06-21 16:50:32
21,Port Alfred,ZA,-33.5906,26.891,71.87,38,9,10.89,clear sky,2021-06-21 16:50:32
22,Mayumba,GA,-3.432,10.6554,75.07,85,93,7.31,overcast clouds,2021-06-21 16:50:33
23,Vostok,RU,46.4856,135.8833,46.31,59,9,3.4,clear sky,2021-06-21 16:50:33
24,Atuona,PF,-9.8,-139.0333,79.54,75,25,16.98,scattered clouds,2021-06-21 16:50:33
25,Poya,NC,-21.35,165.15,63.77,82,9,2.73,clear sky,2021-06-21 16:50:34
26,Chara,RU,56.9064,118.2631,59.49,69,23,3.15,few clouds,2021-06-21 16:50:34
27,Pierre,US,44.3683,-100.351,67.12,45,20,14.0,few clouds,2021-06-21 16:50:35
28,Bubaque,GW,11.2833,-15.8333,80.01,76,100,7.9,overcast clouds,2021-06-21 16:50:35
29,Mogadishu,SO,2.0371,45.3438,77.38,81,46,15.48,scattered clouds,2021-06-21 16:46:36
30,Severo-Kurilsk,RU,50.6789,156.125,43.38,87,36,6.26,scattered clouds,2021-06-21 16:50:36
31,Clyde River,CA,70.4692,-68.5914,37.63,87,75,18.41,broken clouds,2021-06-21 16:50:36
32,Khatanga,RU,71.9667,102.5,61.99,58,79,12.39,broken clouds,2021-06-21 16:50:37
33,Madang,PG,-5.2246,145.7966,75.7,92,88,1.41,overcast clouds,2021-06-21 16:50:37
34,Punta Arenas,CL,-53.15,-70.9167,41.11,81,75,16.11,broken clouds,2021-06-21 16:50:37
35,Upernavik,GL,72.7868,-56.1549,36.45,75,52,5.84,broken clouds,2021-06-21 16:50:38
36,Ushuaia,AR,-54.8,-68.3,44.26,70,75,31.07,broken clouds,2021-06-21 16:50:38
37,Pacific Grove,US,36.6177,-121.9166,62.42,87,90,1.01,overcast clouds,2021-06-21 16:49:01
38,Klaksvik,FO,62.2266,-6.589,49.12,84,19,11.74,few clouds,2021-06-21 16:50:39
39,Karaton,ID,-6.3424,106.1045,76.96,88,100,4.21,overcast clouds,2021-06-21 16:50:39
40,Cidreira,BR,-30.1811,-50.2056,61.29,79,89,7.58,overcast clouds,2021-06-21 16:50:39
41,Brownwood,US,31.7093,-98.9912,87.57,54,78,7.45,broken clouds,2021-06-21 16:50:40
42,Hami,CN,42.8,93.45,81.72,19,66,10.47,broken clouds,2021-06-21 16:50:40
43,Puerto Ayora,EC,-0.7393,-90.3518,78.76,88,97,8.99,overcast clouds,2021-06-21 16:50:41
44,Keningau,MY,5.3378,116.1602,75.65,87,100,0.74,overcast clouds,2021-06-21 16:50:41
45,Pangnirtung,CA,66.1451,-65.7125,42.8,75,75,14.97,broken clouds,2021-06-21 16:50:41
46,Ponta Do Sol,PT,32.6667,-17.1,68.63,79,88,3.83,overcast clouds,2021-06-21 16:50:42
47,Samarai,PG,-10.6167,150.6667,78.84,85,65,13.71,broken clouds,2021-06-21 16:50:42
48,Faanui,PF,-16.4833,-151.75,79.18,74,21,3.98,few clouds,2021-06-21 16:48:38
49,Lorengau,PG,-2.0226,147.2712,81.28,79,28,8.52,scattered clouds,2021-06-21 16:50:43
50,Hobart,AU,-42.8794,147.3294,41.02,94,7,1.99,clear sky,2021-06-21 16:50:43
51,Serik,TR,36.9169,31.0989,77.25,72,0,3.98,clear sky,2021-06-21 16:50:43
52,Jamestown,US,42.097,-79.2353,82.09,61,1,20.71,clear sky,2021-06-21 16:47:28
53,Chuy,UY,-33.6971,-53.4616,55.71,65,100,4.63,overcast clouds,2021-06-21 16:50:44
54,San Patricio,US,28.017,-97.5169,90.01,60,30,18.99,scattered clouds,2021-06-21 16:50:44
55,Sambava,MG,-14.2667,50.1667,70.65,85,64,13.02,light rain,2021-06-21 16:50:45
56,Ayr,GB,55.4627,-4.6339,63.48,51,20,9.22,few clouds,2021-06-21 16:50:45
57,Barrow,US,71.2906,-156.7887,37.42,81,90,3.44,overcast clouds,2021-06-21 16:50:46
58,Geraldton,AU,-28.7667,114.6,46.81,93,75,4.61,broken clouds,2021-06-21 16:50:46
59,Tuatapere,NZ,-46.1333,167.6833,43.83,79,100,8.1,overcast clouds,2021-06-21 16:50:47
60,Itoman,JP,26.1247,127.6694,79.57,96,75,9.22,light rain,2021-06-21 16:50:47
61,Arraial Do Cabo,BR,-22.9661,-42.0278,75.16,68,75,18.41,broken clouds,2021-06-21 16:50:47
62,Palmer,US,42.1584,-72.3287,89.76,57,75,5.01,broken clouds,2021-06-21 16:50:48
63,Makurdi,NG,7.7411,8.5121,74.88,96,100,4.09,overcast clouds,2021-06-21 16:50:48
64,Tibiri,NE,13.5627,7.0485,91.74,52,20,11.5,few clouds,2021-06-21 16:50:48
65,Mahebourg,MU,-20.4081,57.7,70.09,68,75,14.97,broken clouds,2021-06-21 16:50:49
66,Carnarvon,AU,-24.8667,113.6333,51.87,64,5,5.75,clear sky,2021-06-21 16:50:49
67,Mogocha,RU,53.7333,119.7667,54.91,85,29,3.02,scattered clouds,2021-06-21 16:50:50
68,Georgetown,MY,5.4112,100.3354,79.9,85,20,5.01,few clouds,2021-06-21 16:50:28
69,Fairbanks,US,64.8378,-147.7164,64.36,76,75,1.01,broken clouds,2021-06-21 16:50:50
70,Qaanaaq,GL,77.484,-69.3632,36.64,81,99,4.21,overcast clouds,2021-06-21 16:50:50
71,Matsumoto,JP,36.2333,137.9667,63.84,91,63,3.15,broken clouds,2021-06-21 16:50:51
72,Tiznit,MA,29.5833,-9.5,69.69,60,0,12.01,clear sky,2021-06-21 16:50:51
73,Vardo,NO,70.3705,31.1107,48.4,87,75,25.32,light rain,2021-06-21 16:50:52
74,Saskylakh,RU,71.9167,114.0833,71.44,65,90,5.5,overcast clouds,2021-06-21 16:50:52
75,Binningen,CH,47.5402,7.5693,73.76,85,75,6.91,light rain,2021-06-21 16:50:52
76,Lebu,CL,-37.6167,-73.65,53.85,95,100,10.04,overcast clouds,2021-06-21 16:50:53
77,Zyryanka,RU,65.75,150.85,56.71,72,73,4.85,broken clouds,2021-06-21 16:50:53
78,Leningradskiy,RU,69.3833,178.4167,41.85,73,8,7.87,clear sky,2021-06-21 16:50:54
79,Key West,US,24.5557,-81.7826,90.0,76,75,10.36,broken clouds,2021-06-21 16:50:54
80,Sorland,NO,67.667,12.6934,53.67,92,100,3.15,overcast clouds,2021-06-21 16:50:54
81,Mahajanga,MG,-15.7167,46.3167,77.02,53,20,5.75,few clouds,2021-06-21 16:50:55
82,Rundu,NA,-17.9333,19.7667,61.21,31,3,5.32,clear sky,2021-06-21 16:50:55
83,Karratha,AU,-20.7377,116.8463,59.45,57,54,12.62,broken clouds,2021-06-21 16:50:56
84,Horasan,TR,40.0458,42.1728,66.94,28,0,4.61,clear sky,2021-06-21 16:50:56
85,Isangel,VU,-19.55,169.2667,72.1,80,87,6.89,overcast clouds,2021-06-21 16:50:56
86,Peace River,CA,56.2501,-117.286,70.11,56,75,11.5,broken clouds,2021-06-21 16:46:11
87,Champerico,GT,14.3,-91.9167,90.14,65,96,3.83,overcast clouds,2021-06-21 16:50:57
88,Tiksi,RU,71.6872,128.8694,52.57,59,62,4.34,broken clouds,2021-06-21 16:50:57
89,Hermanus,ZA,-34.4187,19.2345,65.84,54,0,10.71,clear sky,2021-06-21 16:50:58
90,Mossendjo,CG,-2.9506,12.7261,74.75,75,74,2.21,broken clouds,2021-06-21 16:50:58
91,Saint-Francois,FR,46.4154,3.9054,69.24,73,75,2.3,broken clouds,2021-06-21 16:50:59
92,Riyadh,SA,24.6877,46.7219,104.05,7,0,9.22,clear sky,2021-06-21 16:46:32
93,Albany,US,42.6001,-73.9662,90.37,63,100,1.01,overcast clouds,2021-06-21 16:50:59
94,Dudinka,RU,69.4058,86.1778,38.46,86,100,11.72,overcast clouds,2021-06-21 16:50:59
95,Bluff,NZ,-46.6,168.3333,43.81,60,82,12.91,broken clouds,2021-06-21 16:51:00
96,San Jose,US,37.3394,-121.895,73.26,65,20,8.05,few clouds,2021-06-21 16:50:44
97,Cape Town,ZA,-33.9258,18.4232,66.88,75,0,8.01,clear sky,2021-06-21 16:51:00
98,Fare,PF,-16.7,-151.0167,79.11,73,0,3.78,clear sky,2021-06-21 16:51:01
99,Nikolskoye,RU,59.7035,30.7861,89.49,60,49,2.19,scattered clouds,2021-06-21 16:51:01
100,Byron Bay,AU,-28.65,153.6167,59.88,83,91,11.18,overcast clouds,2021-06-21 16:51:01
101,Sao Filipe,CV,14.8961,-24.4956,72.0,79,65,9.86,broken clouds,2021-06-21 16:51:02
102,Cabo San Lucas,MX,22.8909,-109.9124,88.81,71,26,10.94,scattered clouds,2021-06-21 16:51:02
103,Nuuk,GL,64.1835,-51.7216,50.88,66,55,8.99,broken clouds,2021-06-21 16:51:03
104,Kruisfontein,ZA,-34.0033,24.7314,72.88,28,5,6.76,clear sky,2021-06-21 16:51:03
105,Arman,RU,59.7,150.1667,47.66,77,99,3.49,overcast clouds,2021-06-21 16:51:04
106,Gorontalo,ID,0.5412,123.0595,75.04,95,98,1.88,overcast clouds,2021-06-21 16:51:04
107,Saint-Philippe,RE,-21.3585,55.7679,69.35,77,99,13.56,light rain,2021-06-21 16:51:05
108,Liverpool,GB,53.4106,-2.9779,59.68,71,40,3.0,scattered clouds,2021-06-21 16:51:05
109,Baoshan,CN,46.5586,131.4244,54.23,80,37,3.44,scattered clouds,2021-06-21 16:51:05
110,Baruun-Urt,MN,46.6806,113.2792,57.18,67,0,5.77,clear sky,2021-06-21 16:51:06
111,Pevek,RU,69.7008,170.3133,42.3,71,9,2.68,clear sky,2021-06-21 16:51:06
112,Yulara,AU,-25.2406,130.9889,58.84,44,90,5.75,moderate rain,2021-06-21 16:51:07
113,Vologda,RU,59.2187,39.8886,77.94,67,8,5.19,clear sky,2021-06-21 16:51:07
114,Souillac,MU,-20.5167,57.5167,70.18,68,75,14.97,light rain,2021-06-21 16:51:08
115,Nelson Bay,AU,-32.7167,152.15,55.0,95,63,3.8,light rain,2021-06-21 16:51:08
116,Amberley,US,39.2048,-84.428,84.52,71,90,7.0,overcast clouds,2021-06-21 16:51:08
117,Nanortalik,GL,60.1432,-45.2371,42.3,90,100,8.61,overcast clouds,2021-06-21 16:51:09
118,Aklavik,CA,68.2191,-135.0107,45.32,81,40,19.57,scattered clouds,2021-06-21 16:51:09
119,Kannangad,IN,12.3081,75.1063,78.42,87,73,6.71,broken clouds,2021-06-21 16:51:10
120,Hervey Bay,AU,-25.2986,152.8535,60.04,87,1,3.0,clear sky,2021-06-21 16:51:10
121,Ancud,CL,-41.8697,-73.8203,50.43,74,69,6.87,broken clouds,2021-06-21 16:51:10
122,Inuvik,CA,68.3499,-133.7218,45.61,93,90,12.66,overcast clouds,2021-06-21 16:47:08
123,Bathsheba,BB,13.2167,-59.5167,88.41,51,20,23.02,few clouds,2021-06-21 16:51:11
124,Vestmannaeyjar,IS,63.4427,-20.2734,47.39,93,90,23.02,drizzle rain,2021-06-21 16:51:11
125,Buchanan,LR,5.8808,-10.0467,80.56,79,82,7.34,light rain,2021-06-21 16:51:12
126,Khoy,IR,38.5504,44.9535,83.23,22,0,2.68,clear sky,2021-06-21 16:51:12
127,Newport,GB,51.5877,-2.9984,64.17,70,100,11.54,overcast clouds,2021-06-21 16:49:09
128,Bethel,US,41.3712,-73.414,88.02,74,90,9.22,overcast clouds,2021-06-21 16:51:13
129,Bredasdorp,ZA,-34.5322,20.0403,63.72,63,0,5.75,clear sky,2021-06-21 16:51:13
130,Zacualpan,MX,21.25,-105.1667,84.7,71,54,6.85,broken clouds,2021-06-21 16:51:13
131,Tessalit,ML,20.1986,1.0114,108.34,6,20,11.01,few clouds,2021-06-21 16:51:14
132,Lubao,PH,14.9167,120.55,80.15,83,100,5.21,overcast clouds,2021-06-21 16:51:14
133,Pisco,PE,-13.7,-76.2167,66.25,72,90,10.36,overcast clouds,2021-06-21 16:51:15
134,Bambous Virieux,MU,-20.3428,57.7575,70.05,68,75,14.97,broken clouds,2021-06-21 16:51:15
135,Atambua,ID,-9.1061,124.8925,70.56,83,74,2.89,broken clouds,2021-06-21 16:51:15
136,Correntina,BR,-13.3433,-44.6367,90.64,23,2,7.43,clear sky,2021-06-21 16:51:16
137,Henties Bay,NA,-22.116,14.2845,72.86,53,0,8.75,clear sky,2021-06-21 16:51:16
138,Praia,CV,14.9215,-23.5087,81.14,54,20,16.11,few clouds,2021-06-21 16:51:16
139,La Rioja,ES,42.25,-2.5,64.18,64,66,7.38,light rain,2021-06-21 16:51:17
140,Itaituba,BR,-4.2761,-55.9836,89.76,62,40,1.32,scattered clouds,2021-06-21 16:51:17
141,Bandiagara,ML,14.3501,-3.6104,99.54,25,81,7.43,broken clouds,2021-06-21 16:51:18
142,Tagusao,PH,9.1924,117.8141,81.16,78,99,10.87,light rain,2021-06-21 16:51:18
143,Padang,ID,-0.9492,100.3543,76.08,87,58,3.31,broken clouds,2021-06-21 16:51:18
144,Nova Olimpia,BR,-14.7972,-57.2881,95.04,28,49,5.21,scattered clouds,2021-06-21 16:51:19
145,Yuzhou,CN,34.1628,113.4639,82.67,52,2,6.15,clear sky,2021-06-21 16:51:19
146,Pio Ix,BR,-6.8375,-40.5792,81.93,52,84,8.3,broken clouds,2021-06-21 16:51:19
147,Kahului,US,20.8947,-156.47,77.85,83,20,0.0,few clouds,2021-06-21 16:48:15
148,Lianzhou,CN,24.7811,112.3825,77.61,97,99,1.86,overcast clouds,2021-06-21 16:51:20
149,Sao Jose Da Coroa Grande,BR,-8.8978,-35.1478,81.12,68,23,12.17,few clouds,2021-06-21 16:51:20
150,Bontang,ID,0.1333,117.5,76.39,84,100,3.83,overcast clouds,2021-06-21 16:51:21
151,Alugan,PH,12.2188,125.4808,78.35,87,100,4.81,overcast clouds,2021-06-21 16:51:21
152,Hithadhoo,MV,-0.6,73.0833,84.34,71,98,11.77,overcast clouds,2021-06-21 16:51:21
153,Butaritari,KI,3.0707,172.7902,81.37,69,100,7.76,overcast clouds,2021-06-21 16:51:22
154,Atar,MR,20.5169,-13.0499,106.2,10,1,8.46,clear sky,2021-06-21 16:51:22
155,Sao Joao Da Barra,BR,-21.6403,-41.0511,78.89,58,57,10.45,broken clouds,2021-06-21 16:51:23
156,Lubango,AO,-14.9172,13.4925,60.33,35,6,3.96,clear sky,2021-06-21 16:51:23
157,Bushenyi,UG,-0.5853,30.2114,66.27,71,99,4.99,light rain,2021-06-21 16:51:23
158,Tuktoyaktuk,CA,69.4541,-133.0374,46.4,93,40,14.97,scattered clouds,2021-06-21 16:51:24
159,Teya,RU,60.3778,92.6267,50.14,97,100,6.89,moderate rain,2021-06-21 16:51:24
160,Ostra,IT,43.6139,13.1582,91.49,42,8,1.99,clear sky,2021-06-21 16:51:25
161,Tadine,NC,-21.55,167.8833,68.72,73,64,7.85,broken clouds,2021-06-21 16:51:25
162,Helong,CN,42.5397,128.9972,50.61,98,97,1.79,overcast clouds,2021-06-21 16:51:26
163,Havelock,US,34.8791,-76.9013,89.04,78,20,11.01,few clouds,2021-06-21 16:51:26
164,Minab,IR,27.1467,57.0801,98.1,38,0,6.11,clear sky,2021-06-21 16:51:26
165,Shingu,JP,33.7333,135.9833,69.91,93,48,4.5,scattered clouds,2021-06-21 16:51:27
166,Abha,SA,18.2164,42.5053,76.82,50,40,6.91,scattered clouds,2021-06-21 16:51:27
167,Palaikastron,GR,35.2,26.25,76.46,65,0,4.63,clear sky,2021-06-21 16:51:28
168,Te Anau,NZ,-45.4167,167.7167,38.28,93,60,1.5,broken clouds,2021-06-21 16:51:28
169,Dilla,ET,6.41,38.31,62.04,94,91,6.49,moderate rain,2021-06-21 16:51:28
170,Viedma,AR,-40.8135,-62.9967,57.69,43,28,21.0,scattered clouds,2021-06-21 16:50:26
171,Feijo,BR,-8.1642,-70.3536,90.45,44,22,1.45,few clouds,2021-06-21 16:51:29
172,Port Elizabeth,ZA,-33.918,25.5701,77.29,22,0,9.22,clear sky,2021-06-21 16:51:29
173,Esperance,AU,-33.8667,121.9,48.04,69,100,22.35,light rain,2021-06-21 16:51:30
174,Snezhnogorsk,RU,69.1933,33.2531,51.58,94,100,17.27,overcast clouds,2021-06-21 16:51:30
175,Castro,BR,-24.7911,-50.0119,55.11,88,100,2.24,light rain,2021-06-21 16:51:31
176,Grindavik,IS,63.8424,-22.4338,49.95,100,90,24.16,moderate rain,2021-06-21 16:51:31
177,Avarua,CK,-21.2078,-159.775,66.25,82,75,0.0,broken clouds,2021-06-21 16:51:31
178,Vila Do Maio,CV,15.1333,-23.2167,81.39,78,78,15.48,broken clouds,2021-06-21 16:51:32
179,Aswan,EG,24.0934,32.907,99.66,11,0,6.67,clear sky,2021-06-21 16:51:32
180,Itarantim,BR,-15.6597,-40.0656,88.25,33,0,5.39,clear sky,2021-06-21 16:51:32
181,Vao,NC,-22.6667,167.4833,69.8,74,43,10.38,scattered clouds,2021-06-21 16:51:33
182,Panji,ID,-7.7253,114.0995,74.53,88,92,5.03,moderate rain,2021-06-21 16:51:33
183,Hay River,CA,60.8156,-115.7999,71.58,30,40,9.22,scattered clouds,2021-06-21 16:51:34
184,Cockburn Town,TC,21.4612,-71.1419,81.23,82,94,19.01,overcast clouds,2021-06-21 16:51:34
185,Maragogi,BR,-9.0122,-35.2225,80.8,69,21,12.12,few clouds,2021-06-21 16:51:34
186,Ribeira Grande,PT,38.5167,-28.7,70.2,68,75,4.61,broken clouds,2021-06-21 16:51:35
187,San Cristobal,VE,7.7669,-72.225,80.78,60,67,7.27,broken clouds,2021-06-21 16:47:00
188,Hasaki,JP,35.7333,140.8333,66.49,84,57,4.36,broken clouds,2021-06-21 16:51:35
189,Hambantota,LK,6.1241,81.1185,80.47,81,68,17.22,broken clouds,2021-06-21 16:51:36
190,Westport,US,41.1415,-73.3579,87.03,89,90,1.01,haze,2021-06-21 16:51:36
191,Nurota,UZ,40.5614,65.6886,80.69,20,0,6.91,clear sky,2021-06-21 16:51:37
192,Tasiilaq,GL,65.6145,-37.6368,40.1,79,50,2.89,scattered clouds,2021-06-21 16:51:37
193,Sakakah,SA,29.9697,40.2064,98.17,11,0,13.89,clear sky,2021-06-21 16:51:37
194,West Bay,KY,19.3667,-81.4167,89.06,74,40,13.8,scattered clouds,2021-06-21 16:51:38
195,Alexandria,EG,31.2156,29.9553,81.14,69,0,9.22,clear sky,2021-06-21 16:48:42
196,Oktyabrskiy,RU,54.4815,53.471,69.87,82,39,4.07,scattered clouds,2021-06-21 16:51:38
197,Tifton,US,31.4505,-83.5085,89.29,63,40,9.22,scattered clouds,2021-06-21 16:51:39
198,Dinguiraye,GN,11.3,-10.7167,90.54,37,91,7.72,overcast clouds,2021-06-21 16:51:39
199,Port-Cartier,CA,50.0334,-66.8654,66.42,75,97,8.48,overcast clouds,2021-06-21 16:51:40
200,Chokurdakh,RU,70.6333,147.9167,60.62,49,3,9.22,clear sky,2021-06-21 16:51:40
201,Chaykovskiy,RU,56.7686,54.1148,64.99,97,38,0.72,scattered clouds,2021-06-21 16:51:40
202,Slavuta,UA,50.3016,26.8651,73.44,85,97,5.21,overcast clouds,2021-06-21 16:51:41
203,Manado,ID,1.487,124.8455,74.17,94,40,0.0,scattered clouds,2021-06-21 16:51:41
204,Talnakh,RU,69.4865,88.3972,38.39,92,100,12.01,overcast clouds,2021-06-21 16:51:42
205,Alofi,NU,-19.0595,-169.9187,60.69,100,100,1.14,overcast clouds,2021-06-21 16:51:42
206,Kawambwa,ZM,-9.7915,29.0791,62.29,48,9,3.27,clear sky,2021-06-21 16:51:42
207,Uusikaupunki,FI,60.8004,21.4084,77.52,84,100,9.98,overcast clouds,2021-06-21 16:51:43
208,Saint-Jean-De-Maurienne,FR,45.1667,6.5833,59.14,45,54,6.53,broken clouds,2021-06-21 16:51:43
209,Barra Patuca,HN,15.8,-84.2833,84.54,76,47,11.34,scattered clouds,2021-06-21 16:51:43
210,Sechura,PE,-5.5569,-80.8222,74.32,64,93,9.64,overcast clouds,2021-06-21 16:51:44
211,Idaho Falls,US,43.4666,-112.0341,72.0,50,1,6.91,clear sky,2021-06-21 16:47:47
212,Narsaq,GL,60.9167,-46.05,49.41,70,25,10.51,scattered clouds,2021-06-21 16:51:44
213,Linxia,CN,35.6003,103.2064,60.35,51,19,4.54,few clouds,2021-06-21 16:51:45
214,Bilma,NE,18.6853,12.9164,103.21,6,4,10.58,clear sky,2021-06-21 16:51:45
215,Sistranda,NO,63.7256,8.834,57.16,90,85,12.19,overcast clouds,2021-06-21 16:51:46
216,Malinovskiy,RU,61.1953,62.8397,51.08,54,99,3.42,overcast clouds,2021-06-21 16:51:46
217,Fort Nelson,CA,58.8053,-122.7002,74.79,38,75,9.22,broken clouds,2021-06-21 16:51:46
218,Gamba,GA,-2.65,10.0,75.4,84,100,8.05,overcast clouds,2021-06-21 16:51:47
219,Longyearbyen,SJ,78.2186,15.6401,40.84,70,75,17.27,light intensity drizzle,2021-06-21 16:51:47
220,Ales,FR,44.1333,4.0833,83.1,50,13,13.71,few clouds,2021-06-21 16:51:48
221,Touros,BR,-5.1989,-35.4608,79.7,64,20,13.47,few clouds,2021-06-21 16:48:22
222,Popondetta,PG,-8.7537,148.2534,70.65,96,64,3.29,broken clouds,2021-06-21 16:51:48
223,Kununurra,AU,-15.7667,128.7333,55.38,82,17,0.0,few clouds,2021-06-21 16:51:48
224,Viking,CA,53.1001,-111.7684,67.48,55,96,9.53,overcast clouds,2021-06-21 16:51:49
225,Dikson,RU,73.5069,80.5464,32.85,87,9,9.28,clear sky,2021-06-21 16:51:49
226,Vershino-Darasunskiy,RU,52.35,115.5167,52.79,83,78,2.53,broken clouds,2021-06-21 16:51:50
227,Praya,CV,14.9215,-23.5087,81.14,54,20,16.11,few clouds,2021-06-21 16:51:50
228,Otane,NZ,-39.8833,176.6333,51.01,91,100,14.12,overcast clouds,2021-06-21 16:51:51
229,Susanville,US,40.4163,-120.653,85.08,17,5,1.99,clear sky,2021-06-21 16:51:51
230,Slonim,BY,53.0867,25.3219,78.26,69,45,8.7,scattered clouds,2021-06-21 16:51:51
231,Moose Factory,CA,51.2585,-80.6094,39.2,93,90,13.8,light rain,2021-06-21 16:51:52
232,Lakselv,NO,70.0513,24.9718,55.22,87,90,1.14,overcast clouds,2021-06-21 16:51:52
233,Mekhe,SN,15.1097,-16.6218,94.82,43,83,14.32,broken clouds,2021-06-21 16:51:53
234,Sao Felix Do Xingu,BR,-6.6447,-51.995,92.89,32,8,6.4,clear sky,2021-06-21 16:51:53
235,Husavik,IS,66.0449,-17.3389,49.91,66,99,18.63,overcast clouds,2021-06-21 16:51:53
236,Olafsvik,IS,64.8945,-23.7142,48.2,96,100,21.05,heavy intensity rain,2021-06-21 16:51:54
237,Nome,US,64.5011,-165.4064,58.15,77,90,6.91,light rain,2021-06-21 16:51:54
238,Murgab,TM,37.4966,61.9714,85.87,19,0,6.91,clear sky,2021-06-21 16:51:54
239,Male,MV,4.1748,73.5089,84.15,79,20,13.8,few clouds,2021-06-21 16:51:55
240,Yerbogachen,RU,61.2767,108.0108,60.39,81,50,1.81,scattered clouds,2021-06-21 16:51:55
241,Saint-Augustin,CA,51.226,-58.6502,67.69,63,74,5.21,broken clouds,2021-06-21 16:51:56
242,Kaitangata,NZ,-46.2817,169.8464,48.92,80,97,9.42,overcast clouds,2021-06-21 16:51:56
243,Matamoros,MX,25.5333,-103.25,90.1,33,61,4.94,broken clouds,2021-06-21 16:51:56
244,Fortuna,US,40.5982,-124.1573,55.65,100,90,0.0,overcast clouds,2021-06-21 16:49:32
245,Sioux Lookout,CA,50.1001,-91.917,51.87,58,75,12.66,broken clouds,2021-06-21 16:51:57
246,San Quintin,MX,30.4833,-115.95,68.74,71,85,8.34,overcast clouds,2021-06-21 16:51:57
247,Norman Wells,CA,65.282,-126.8329,60.84,59,90,6.91,light rain,2021-06-21 16:51:58
248,Flinders,AU,-34.5833,150.8552,54.81,90,4,1.01,clear sky,2021-06-21 16:51:58
249,Crucea,RO,44.5333,28.2333,70.09,73,99,5.08,overcast clouds,2021-06-21 16:51:58
250,Kodiak,US,57.79,-152.4072,51.31,87,90,4.61,overcast clouds,2021-06-21 16:51:59
251,Ixtapa,MX,20.7,-105.2,84.22,74,65,4.0,broken clouds,2021-06-21 16:51:59
252,Catamarca,AR,-28.4696,-65.7852,76.5,68,0,2.91,clear sky,2021-06-21 16:50:46
253,Buala,SB,-8.145,159.5921,78.75,82,55,4.05,broken clouds,2021-06-21 16:52:00
254,Dillon,US,34.4166,-79.3712,91.94,53,15,13.2,few clouds,2021-06-21 16:47:19
255,Beloha,MG,-25.1667,45.05,65.07,73,0,12.03,clear sky,2021-06-21 16:52:00
256,Huangmei,CN,30.1924,116.025,71.58,71,86,3.15,overcast clouds,2021-06-21 16:52:01
257,Victoria,HK,22.2855,114.1577,86.38,88,100,5.01,overcast clouds,2021-06-21 16:50:13
258,Libreville,GA,0.3925,9.4537,78.82,94,40,8.05,scattered clouds,2021-06-21 16:51:49
259,Sinazongwe,ZM,-17.2614,27.4618,68.16,51,10,7.4,clear sky,2021-06-21 16:52:02
260,Kabompo,ZM,-13.5927,24.2008,61.79,39,6,4.38,clear sky,2021-06-21 16:52:02
261,Tatishchevo,RU,51.6703,45.5953,74.25,67,55,4.12,broken clouds,2021-06-21 16:52:02
262,Poindimie,NC,-20.9333,165.3333,66.18,73,8,5.99,clear sky,2021-06-21 16:52:03
263,Lata,PT,40.1629,-8.3327,72.36,66,86,8.52,overcast clouds,2021-06-21 16:52:03
264,Qasigiannguit,GL,68.8193,-51.1922,41.0,68,53,7.05,broken clouds,2021-06-21 16:52:04
265,Bronnoysund,NO,65.4625,12.1997,61.32,94,75,10.36,light intensity drizzle,2021-06-21 16:52:05
266,Ouro Preto,BR,-20.3948,-43.5052,75.2,35,4,5.73,clear sky,2021-06-21 16:49:25
267,Teknaf,BD,20.8624,92.3058,78.1,91,55,6.06,broken clouds,2021-06-21 16:52:05
268,Hualmay,PE,-11.0964,-77.6139,69.39,70,84,11.32,broken clouds,2021-06-21 16:52:05
269,North Bend,US,43.4065,-124.2243,60.17,94,90,4.61,mist,2021-06-21 16:52:06
270,Rongcheng,CN,30.634,117.8517,66.67,92,84,2.8,broken clouds,2021-06-21 16:52:06
271,Ponta Delgada,PT,37.7333,-25.6667,70.52,52,75,10.36,broken clouds,2021-06-21 16:52:07
272,Airai,TL,-8.9266,125.4092,58.35,82,81,2.24,broken clouds,2021-06-21 16:52:07
273,Konevo,RU,62.1215,39.3192,78.71,54,4,4.45,clear sky,2021-06-21 16:52:07
274,Saint George,US,37.1041,-113.5841,99.54,15,0,1.01,clear sky,2021-06-21 16:47:56
275,Tafresh,IR,34.692,50.013,77.58,14,0,11.59,clear sky,2021-06-21 16:52:08
276,Pingliang,CN,35.5392,106.6861,68.85,37,4,6.17,clear sky,2021-06-21 16:52:08
277,Amuntai,ID,-2.4177,115.2494,74.52,93,99,1.28,light rain,2021-06-21 16:52:09
278,Trapani,IT,37.8333,12.6667,96.71,66,0,11.5,clear sky,2021-06-21 16:52:09
279,Honiara,SB,-9.4333,159.95,77.22,87,90,4.45,overcast clouds,2021-06-21 16:52:09
280,Ouallam,NE,14.3188,2.0866,97.45,31,64,8.03,broken clouds,2021-06-21 16:52:10
281,Cruzeiro Do Sul,BR,-29.5128,-51.9853,63.52,81,87,3.0,overcast clouds,2021-06-21 16:52:10
282,Port Lincoln,AU,-34.7333,135.8667,56.43,59,100,17.72,overcast clouds,2021-06-21 16:52:10
283,Pimentel,PE,-6.8367,-79.9342,72.0,75,90,3.0,overcast clouds,2021-06-21 16:52:11
284,Berdigestyakh,RU,62.0989,126.6992,64.74,64,15,2.44,few clouds,2021-06-21 16:52:11
285,Sapa,PH,5.1544,120.3241,80.91,76,100,3.56,overcast clouds,2021-06-21 16:52:12
286,Iqaluit,CA,63.7506,-68.5145,37.13,81,75,21.0,broken clouds,2021-06-21 16:51:42
287,Mandal,IN,25.45,74.5667,84.25,60,71,13.76,broken clouds,2021-06-21 16:52:12
288,Provideniya,RU,64.3833,-173.3,51.87,58,85,6.42,overcast clouds,2021-06-21 16:52:12
289,East London,ZA,-33.0153,27.9116,72.54,26,0,4.61,clear sky,2021-06-21 16:52:13
290,Adrar,MR,20.5022,-10.0711,104.07,10,24,6.89,few clouds,2021-06-21 16:52:13
291,Sitka,US,57.0531,-135.33,51.69,87,90,9.22,mist,2021-06-21 16:52:14
292,Faya,SA,18.3851,42.4509,77.11,18,98,9.75,overcast clouds,2021-06-21 16:52:14
293,Sekovici,BA,44.2986,18.8528,90.05,74,55,6.02,broken clouds,2021-06-21 16:52:14
294,Hamilton,US,39.1834,-84.5333,85.62,71,90,1.99,overcast clouds,2021-06-21 16:47:24
295,Chernyshevskiy,RU,63.0128,112.4714,63.09,70,49,4.7,light rain,2021-06-21 16:52:15
296,Saint-Joseph,RE,-21.3667,55.6167,68.36,76,91,14.56,light rain,2021-06-21 16:52:15
297,Aviles,ES,43.5547,-5.9248,63.93,85,75,21.0,broken clouds,2021-06-21 16:52:16
298,Marawi,PH,7.9986,124.2928,69.66,91,100,3.8,overcast clouds,2021-06-21 16:52:16
299,Egvekinot,RU,66.3167,-179.1667,44.02,56,12,12.53,few clouds,2021-06-21 16:52:17
300,Batemans Bay,AU,-35.7167,150.1833,49.91,90,38,4.72,scattered clouds,2021-06-21 16:52:17
301,Lasa,IT,46.6166,10.7002,81.48,53,4,7.02,clear sky,2021-06-21 16:52:17
302,Flic En Flac,MU,-20.2742,57.3631,70.36,69,86,16.15,light rain,2021-06-21 16:52:18
303,Mugla,TR,37.2303,28.3557,68.67,70,63,3.53,broken clouds,2021-06-21 16:52:18
304,Jos,NG,9.9167,8.9,77.07,60,70,3.27,light rain,2021-06-21 16:52:19
305,Lavrentiya,RU,65.5833,-171.0,43.11,74,97,8.34,overcast clouds,2021-06-21 16:52:19
306,Half Moon Bay,US,37.4636,-122.4286,72.88,72,90,1.99,overcast clouds,2021-06-21 16:50:14
307,Robertsport,LR,6.7533,-11.3686,78.39,83,98,13.04,light rain,2021-06-21 16:52:20
308,Walvis Bay,NA,-22.9575,14.5053,77.95,29,0,12.66,clear sky,2021-06-21 16:52:20
309,Labrea,BR,-7.2586,-64.7981,92.61,45,4,1.54,clear sky,2021-06-21 16:52:20
310,Ostrovnoy,RU,68.0531,39.5131,49.77,87,99,12.03,overcast clouds,2021-06-21 16:52:21
311,Iquique,CL,-20.2208,-70.1431,64.44,71,100,8.81,overcast clouds,2021-06-21 16:48:48
312,Santa Pola,ES,38.1917,-0.5658,91.49,57,20,8.99,few clouds,2021-06-21 16:52:21
313,Swan Hill,AU,-35.3378,143.5544,43.38,88,24,6.2,few clouds,2021-06-21 16:52:22
314,Eyl,SO,7.9803,49.8164,77.74,80,42,24.58,scattered clouds,2021-06-21 16:52:22
315,Lingao,CN,19.9103,109.6859,84.69,76,100,6.82,light rain,2021-06-21 16:52:22
316,Faratsiho,MG,-19.4,46.95,45.39,85,21,5.95,few clouds,2021-06-21 16:52:23
317,Sobolevo,RU,54.4299,31.8996,76.33,81,34,7.05,scattered clouds,2021-06-21 16:52:23
318,Gua Musang,MY,4.8823,101.9644,73.17,96,87,1.28,overcast clouds,2021-06-21 16:52:24
319,San Rafael,AR,-34.6177,-68.3301,58.93,23,40,5.53,scattered clouds,2021-06-21 16:52:24
320,Mana,GF,5.6592,-53.7767,85.39,64,100,6.55,overcast clouds,2021-06-21 16:52:24
321,Sylvania,US,41.7189,-83.713,80.74,55,90,16.11,overcast clouds,2021-06-21 16:49:00
322,Port Keats,AU,-14.25,129.55,66.33,47,67,5.5,broken clouds,2021-06-21 16:52:25
323,Bugene,TZ,-1.5911,31.1403,62.76,67,80,3.13,broken clouds,2021-06-21 16:52:25
324,Kamenka,RU,51.3223,42.7678,73.54,73,79,8.68,broken clouds,2021-06-21 16:52:26
325,Kurilsk,RU,45.2333,147.8833,45.81,80,0,2.91,clear sky,2021-06-21 16:52:26
326,Tarata,BO,-17.6167,-66.0167,73.08,16,67,2.71,broken clouds,2021-06-21 16:52:26
327,Rocha,UY,-34.4833,-54.3333,55.22,61,81,4.68,broken clouds,2021-06-21 16:52:27
328,Mahon,ES,39.8885,4.2658,75.76,73,20,12.66,few clouds,2021-06-21 16:52:27
329,Brigantine,US,39.4101,-74.3646,88.27,77,40,9.22,scattered clouds,2021-06-21 16:52:27
330,Sarangani,PH,5.4033,125.4636,83.25,74,63,9.66,broken clouds,2021-06-21 16:52:28
331,Pinega,RU,64.7001,43.3936,71.11,57,25,7.27,scattered clouds,2021-06-21 16:52:28
332,The Valley,AI,18.217,-63.0578,85.82,76,45,19.1,scattered clouds,2021-06-21 16:52:29
333,Kiunga,PG,-6.1219,141.2906,73.42,99,93,1.72,overcast clouds,2021-06-21 16:52:29
334,Jieshi,CN,22.8134,115.8257,83.95,80,100,14.43,overcast clouds,2021-06-21 16:52:30
335,Salamiyah,SY,35.0113,37.0532,73.78,54,0,15.59,clear sky,2021-06-21 16:52:30
336,Saint Anthony,US,45.0205,-93.218,63.72,53,20,4.0,few clouds,2021-06-21 16:52:31
337,College,US,64.8569,-147.8028,64.35,76,75,3.44,broken clouds,2021-06-21 16:52:31
338,Villa Maria,AR,-32.4075,-63.2402,61.54,54,0,7.78,clear sky,2021-06-21 16:52:31
339,Isabela,PH,6.7085,121.9711,78.8,81,100,2.42,light rain,2021-06-21 16:52:32
340,Gizo,SB,-8.103,156.8419,81.32,77,62,8.43,broken clouds,2021-06-21 16:52:32
341,Mocuba,MZ,-16.8392,36.9856,64.99,88,65,3.89,broken clouds,2021-06-21 16:52:33
342,Mankono,CI,8.0586,-6.1897,84.74,60,99,3.47,overcast clouds,2021-06-21 16:52:33
343,Ndjole,GA,-0.1783,10.7649,80.38,79,97,1.97,overcast clouds,2021-06-21 16:52:33
344,Suclayin,PH,15.7568,121.5503,80.56,74,100,6.8,overcast clouds,2021-06-21 16:52:34
345,Robertsganj,IN,24.7,83.0667,85.62,61,100,3.94,overcast clouds,2021-06-21 16:52:34
346,Laguna,US,38.421,-121.4238,93.65,59,1,5.01,clear sky,2021-06-21 16:52:35
347,Igrim,RU,63.1906,64.4162,51.89,60,89,5.79,overcast clouds,2021-06-21 16:52:35
348,Moron,AR,-34.6534,-58.6198,53.96,91,82,3.0,broken clouds,2021-06-21 16:52:36
349,Pitiquito,MX,30.7,-112.0833,91.18,25,55,8.19,broken clouds,2021-06-21 16:52:36
350,Tukrah,LY,32.5341,20.5791,79.74,52,0,6.11,clear sky,2021-06-21 16:52:36
351,Madhogarh,IN,26.276,79.1869,93.11,46,89,5.23,overcast clouds,2021-06-21 16:52:37
352,Deputatskiy,RU,69.3,139.9,51.67,62,4,4.45,clear sky,2021-06-21 16:52:37
353,Muros,ES,42.7762,-9.0603,65.08,82,49,13.09,scattered clouds,2021-06-21 16:52:37
354,Zhob,PK,31.3411,69.4481,73.69,51,56,5.28,broken clouds,2021-06-21 16:52:38
355,At-Bashi,KG,41.1702,75.8106,52.77,55,14,1.88,few clouds,2021-06-21 16:47:53
356,Cherskiy,RU,68.75,161.3,61.11,49,42,4.81,scattered clouds,2021-06-21 16:52:38
357,Koygorodok,RU,60.445,50.9968,73.0,66,87,5.23,overcast clouds,2021-06-21 16:52:39
358,Asfi,MA,32.2994,-9.2372,69.06,71,21,19.3,few clouds,2021-06-21 16:51:57
359,Nanpiao,CN,41.0982,120.7479,65.55,56,21,3.74,few clouds,2021-06-21 16:52:39
360,Sisimiut,GL,66.9395,-53.6735,47.84,59,11,9.37,few clouds,2021-06-21 16:52:40
361,Nara,JP,34.6851,135.8049,73.49,68,47,1.74,scattered clouds,2021-06-21 16:52:40
362,Imbituba,BR,-28.24,-48.6703,67.89,76,48,4.92,scattered clouds,2021-06-21 16:50:51
363,Haines Junction,CA,60.7522,-137.5108,53.55,76,82,3.44,broken clouds,2021-06-21 16:52:41
364,Jakarta,ID,-6.2146,106.8451,78.53,100,20,3.44,haze,2021-06-21 16:51:00
365,Namatanai,PG,-3.6667,152.4333,78.58,81,61,6.2,light rain,2021-06-21 16:52:41
366,Broken Hill,AU,-31.95,141.4333,42.51,81,41,5.75,scattered clouds,2021-06-21 16:52:41
367,Tazovskiy,RU,67.4667,78.7,42.37,69,13,8.72,few clouds,2021-06-21 16:52:42
368,Luderitz,NA,-26.6481,15.1594,69.53,44,0,5.99,clear sky,2021-06-21 16:52:42
369,Nanyang,CN,32.9947,112.5328,73.72,56,77,2.82,light rain,2021-06-21 16:51:15
370,Coquimbo,CL,-29.9533,-71.3436,64.13,39,0,5.75,clear sky,2021-06-21 16:48:48
371,Hovd,MN,48.0056,91.6419,65.34,17,1,5.32,clear sky,2021-06-21 16:52:43
372,Wasilla,US,61.5814,-149.4394,56.39,93,90,0.0,moderate rain,2021-06-21 16:52:43
373,Awbari,LY,26.5921,12.7805,100.98,10,0,13.62,clear sky,2021-06-21 16:52:44
374,Paramonga,PE,-10.6667,-77.8333,69.51,71,89,10.94,overcast clouds,2021-06-21 16:52:44
375,Santa Cruz,BO,-17.8,-63.1667,62.06,82,90,8.05,overcast clouds,2021-06-21 16:51:20
376,Zhongxing,CN,33.7039,118.6792,76.51,58,5,6.87,light rain,2021-06-21 16:52:45
377,Oussouye,SN,12.485,-16.5469,91.58,58,100,8.41,overcast clouds,2021-06-21 16:52:45
378,Los Llanos De Aridane,ES,28.6585,-17.9182,67.75,91,75,10.36,broken clouds,2021-06-21 16:52:45
379,Porto Velho,BR,-8.7619,-63.9039,73.45,83,90,3.44,overcast clouds,2021-06-21 16:52:46
380,Amapa,BR,1.0,-52.0,83.14,68,56,4.12,broken clouds,2021-06-21 16:52:46
381,Vaitape,PF,-16.5167,-151.75,79.14,74,21,3.87,few clouds,2021-06-21 16:52:47
382,Saint-Pierre,RE,-21.3393,55.4781,69.44,71,20,12.66,light rain,2021-06-21 16:52:47
383,Bin Qirdan,TN,33.1378,11.2197,103.32,16,95,22.01,overcast clouds,2021-06-21 16:52:48
384,Nemuro,JP,43.3236,145.575,47.73,84,0,5.12,clear sky,2021-06-21 16:52:48
385,Mandalgovi,MN,45.7625,106.2708,63.82,51,63,21.36,broken clouds,2021-06-21 16:52:48
386,Ambon,ID,-3.6954,128.1814,78.66,85,74,5.1,moderate rain,2021-06-21 16:52:49
387,Shenjiamen,CN,29.9576,122.298,71.94,80,98,4.59,overcast clouds,2021-06-21 16:52:49
388,Tubuala,PA,9.5167,-79.0333,78.33,79,100,7.49,overcast clouds,2021-06-21 16:52:49
389,Matara,LK,5.9485,80.5353,79.72,87,64,10.76,broken clouds,2021-06-21 16:52:50
390,Olinda,BR,-8.0089,-34.8553,82.13,36,40,9.22,scattered clouds,2021-06-21 16:49:16
391,Bestobe,KZ,52.4994,73.0975,52.29,77,90,18.84,overcast clouds,2021-06-21 16:52:50
392,Yagodnoye,RU,62.55,149.6667,45.32,91,100,4.81,moderate rain,2021-06-21 16:52:51
393,Basoko,CD,1.2391,23.616,73.89,89,79,6.15,moderate rain,2021-06-21 16:52:51
394,Shitanjing,CN,39.2342,106.3439,73.74,29,2,1.57,clear sky,2021-06-21 16:52:51
395,Kudahuvadhoo,MV,2.6708,72.8944,82.99,76,100,13.53,overcast clouds,2021-06-21 16:52:52
396,Estelle,US,29.8458,-90.1067,87.78,82,75,16.11,broken clouds,2021-06-21 16:52:52
397,Torbay,CA,47.6666,-52.7314,66.76,87,90,14.97,overcast clouds,2021-06-21 16:52:53
398,Margate,GB,51.3813,1.3862,56.91,87,100,7.0,overcast clouds,2021-06-21 16:52:53
399,Paamiut,GL,61.994,-49.6678,43.79,82,10,11.63,clear sky,2021-06-21 16:52:54
400,Necochea,AR,-38.5473,-58.7368,57.04,54,35,12.59,scattered clouds,2021-06-21 16:52:54
401,Kharan,PK,28.5833,65.4167,90.79,9,0,8.39,clear sky,2021-06-21 16:52:54
402,Ivanivka,UA,46.7208,34.553,76.93,64,45,7.05,scattered clouds,2021-06-21 16:52:55
403,Safford,US,32.834,-109.7076,96.06,21,1,16.24,clear sky,2021-06-21 16:52:55
404,Takaka,NZ,-40.85,172.8,49.55,77,16,1.99,few clouds,2021-06-21 16:52:56
405,Boende,CD,-0.2167,20.8667,70.97,94,100,5.91,moderate rain,2021-06-21 16:52:56
406,Bemidji,US,47.4736,-94.8803,57.56,50,75,16.11,broken clouds,2021-06-21 16:51:38
407,Vila Franca Do Campo,PT,37.7167,-25.4333,70.21,61,80,7.27,broken clouds,2021-06-21 16:52:57
408,Heihe,CN,50.2441,127.4902,61.38,84,33,3.11,scattered clouds,2021-06-21 16:52:57
409,Eirunepe,BR,-6.6603,-69.8736,90.54,45,11,3.04,few clouds,2021-06-21 16:52:57
410,Gambela,ET,8.25,34.5833,77.02,68,97,2.39,overcast clouds,2021-06-21 16:52:58
411,Petropavlovsk-Kamchatskiy,RU,53.0452,158.6483,46.99,81,75,6.71,broken clouds,2021-06-21 16:52:58
412,Saldanha,ZA,-33.0117,17.9442,64.45,91,2,11.92,clear sky,2021-06-21 16:52:58
413,Mgachi,RU,51.05,142.2667,48.76,79,76,5.14,broken clouds,2021-06-21 16:52:59
414,Maarianhamina,AX,60.0973,19.9348,67.86,83,0,8.05,clear sky,2021-06-21 16:52:59
415,Dongli,CN,23.5656,116.8194,76.98,94,75,2.24,light rain,2021-06-21 16:53:00
416,Juba,SS,4.8517,31.5825,78.78,63,100,1.52,overcast clouds,2021-06-21 16:53:00
417,Sokoto,NG,13.0609,5.239,96.71,32,78,5.77,broken clouds,2021-06-21 16:53:00
418,Prestea,GH,5.4327,-2.1428,77.4,76,100,3.89,overcast clouds,2021-06-21 16:53:01
419,Lagoa,PT,39.05,-27.9833,64.53,73,45,9.57,scattered clouds,2021-06-21 16:53:01
420,Nagayo,JP,32.8242,129.8861,72.36,73,78,4.36,broken clouds,2021-06-21 16:53:02
421,Bulgan,MN,48.8125,103.5347,57.15,80,93,4.68,overcast clouds,2021-06-21 16:53:02
422,Mangrol,IN,21.1167,70.1167,83.84,73,69,13.98,broken clouds,2021-06-21 16:53:02
423,Urumqi,CN,43.801,87.6005,70.75,38,0,2.24,clear sky,2021-06-21 16:53:03
424,Ilulissat,GL,69.2167,-51.1,40.1,74,54,7.47,broken clouds,2021-06-21 16:53:03
425,Turukhansk,RU,65.8167,87.9833,42.3,90,100,11.25,overcast clouds,2021-06-21 16:53:03
426,Marzuq,YE,14.4,46.4667,78.64,57,41,7.47,scattered clouds,2021-06-21 16:53:04
427,Vigrestad,NO,58.5667,5.7,57.96,80,95,26.62,overcast clouds,2021-06-21 16:53:04
428,Howard Springs,AU,-12.497,131.047,71.51,91,11,5.39,few clouds,2021-06-21 16:53:05
429,Tilichiki,RU,60.4667,166.1,44.01,85,100,1.68,overcast clouds,2021-06-21 16:53:05
430,Puerto Baquerizo Moreno,EC,-0.9,-89.6,76.19,78,75,10.36,broken clouds,2021-06-21 16:52:34
431,Guangyuan,CN,32.442,105.823,74.05,81,93,2.37,overcast clouds,2021-06-21 16:53:06
432,Tabas,IR,33.5959,56.9244,88.66,8,0,10.98,clear sky,2021-06-21 16:53:06
433,Challapalle,IN,16.1167,80.9333,91.54,60,100,10.65,overcast clouds,2021-06-21 16:53:06
434,Calafell,ES,41.2,1.5683,86.23,47,13,6.35,few clouds,2021-06-21 16:53:07
435,Columbus,US,39.9612,-82.9988,88.32,65,75,21.85,broken clouds,2021-06-21 16:50:20
436,Charters Towers,AU,-20.1,146.2667,54.55,84,0,6.35,clear sky,2021-06-21 16:53:07
437,Banda Aceh,ID,5.5577,95.3222,79.61,78,45,16.44,scattered clouds,2021-06-21 16:53:08
438,Schleswig,DE,54.5167,9.55,58.66,93,100,9.22,overcast clouds,2021-06-21 16:53:08
439,Sedriano,IT,45.4915,8.9687,88.2,46,38,7.83,scattered clouds,2021-06-21 16:53:08
440,Chahal,GT,15.75,-89.5667,92.52,50,44,2.77,scattered clouds,2021-06-21 16:53:09
441,Hammerfest,NO,70.6634,23.6821,54.05,82,75,8.05,broken clouds,2021-06-21 16:53:09
442,Lagunas,PE,-5.2269,-75.6753,79.75,86,63,0.38,broken clouds,2021-06-21 16:53:09
443,Tual,ID,-5.6667,132.75,80.71,81,25,14.97,scattered clouds,2021-06-21 16:53:10
444,Bandundu,CD,-3.3167,17.3667,83.21,37,72,3.83,broken clouds,2021-06-21 16:53:10
445,Quatre Cocos,MU,-20.2078,57.7625,69.91,64,100,18.23,light rain,2021-06-21 16:53:11
446,Bolshoye Murashkino,RU,55.7826,44.7754,74.95,78,34,3.56,scattered clouds,2021-06-21 16:53:11
447,Kavieng,PG,-2.5744,150.7967,81.48,78,45,10.38,scattered clouds,2021-06-21 16:53:11
448,Kuala Terengganu,MY,5.3302,103.1408,80.55,89,20,2.3,few clouds,2021-06-21 16:53:12
449,Preston,GB,53.7667,-2.7167,61.25,71,75,9.22,broken clouds,2021-06-21 16:53:12
450,Conceicao Da Barra,BR,-18.5933,-39.7322,79.12,64,2,10.92,clear sky,2021-06-21 16:53:12
451,Yarmouth,US,41.7057,-70.2286,85.23,78,90,8.01,mist,2021-06-21 16:49:10
452,Ust-Nera,RU,64.5667,143.2,51.13,54,4,4.99,clear sky,2021-06-21 16:53:13
453,Bengkulu,ID,-3.8004,102.2655,76.37,88,69,5.44,broken clouds,2021-06-21 16:49:16
454,Omsukchan,RU,62.5333,155.8,46.15,71,100,3.65,overcast clouds,2021-06-21 16:53:14
455,Bandar,ID,2.05,99.75,72.64,91,85,3.04,overcast clouds,2021-06-21 16:53:14
456,Peleduy,RU,59.6289,112.7406,59.56,87,94,1.72,light rain,2021-06-21 16:53:14
457,Flin Flon,CA,54.7682,-101.865,55.24,47,75,5.75,broken clouds,2021-06-21 16:53:15
458,Port Hardy,CA,50.6996,-127.4199,53.78,100,90,3.44,mist,2021-06-21 16:53:15
459,Atbasar,KZ,51.8,68.3333,54.57,77,56,14.47,broken clouds,2021-06-21 16:53:16
460,Bonavista,CA,48.6499,-53.1147,68.0,85,64,7.02,broken clouds,2021-06-21 16:53:16
461,Constitucion,CL,-35.3333,-72.4167,57.63,61,100,12.71,overcast clouds,2021-06-21 16:53:16
462,Drayton Valley,CA,53.2168,-114.9854,64.9,60,98,3.33,light rain,2021-06-21 16:51:23
463,Suicheng,CN,33.8963,117.9331,77.63,55,3,8.23,light rain,2021-06-21 16:53:17
464,Khandbari,NP,27.3747,87.2039,73.04,93,82,0.6,broken clouds,2021-06-21 16:53:17
465,Mundra,IN,22.85,69.7333,85.23,68,82,17.38,broken clouds,2021-06-21 16:53:18
466,Brae,GB,60.3964,-1.353,53.51,71,14,15.05,few clouds,2021-06-21 16:53:18
467,Altamira,BR,-3.2033,-52.2064,89.69,58,75,2.3,broken clouds,2021-06-21 16:53:18
468,Vila Velha,BR,-20.3297,-40.2925,77.97,65,20,13.8,few clouds,2021-06-21 16:49:59
469,Rauma,FI,61.1272,21.5113,78.84,79,100,9.71,overcast clouds,2021-06-21 16:53:19
470,Keti Bandar,PK,24.1447,67.4497,84.54,70,79,15.03,broken clouds,2021-06-21 16:53:19
471,Baghdad,IQ,33.3406,44.4009,103.91,16,0,4.61,clear sky,2021-06-21 16:50:28
472,Sitrah,BH,26.1547,50.6206,100.62,49,0,1.99,clear sky,2021-06-21 16:53:20
473,Tambura,SS,5.6,27.4667,75.2,71,55,3.49,broken clouds,2021-06-21 16:53:20
474,Batagay,RU,67.6333,134.6333,60.6,45,93,3.58,overcast clouds,2021-06-21 16:53:21
475,Avera,US,33.194,-82.5271,85.66,54,20,13.49,few clouds,2021-06-21 16:53:21
476,Golyshmanovo,RU,56.3979,68.3728,52.12,83,49,7.2,scattered clouds,2021-06-21 16:53:21
477,Karasjok,NO,69.4719,25.5112,51.91,97,100,12.41,overcast clouds,2021-06-21 16:53:22
478,Bara,NG,10.3744,10.7288,92.98,54,78,11.1,broken clouds,2021-06-21 16:53:22
479,Hargeysa,SO,9.56,44.065,75.51,47,35,22.44,light rain,2021-06-21 16:48:38
480,Kieta,PG,-6.2167,155.6333,77.74,83,28,5.26,scattered clouds,2021-06-21 16:53:23
481,Harper,LR,4.375,-7.7169,80.4,77,51,9.26,light rain,2021-06-21 16:53:23
482,Jiaojiang,CN,28.6803,121.4428,70.0,82,100,3.89,light rain,2021-06-21 16:53:23
483,Vanimo,PG,-2.6741,141.3028,77.16,87,97,6.15,overcast clouds,2021-06-21 16:53:24
484,Ambilobe,MG,-13.2,49.05,69.46,69,70,6.87,broken clouds,2021-06-21 16:53:24
485,Neman,RU,55.0311,22.0264,80.38,72,1,8.59,clear sky,2021-06-21 16:53:25
486,Cobija,BO,-11.0267,-68.7692,73.58,83,75,3.44,broken clouds,2021-06-21 16:53:25
487,Mayo,US,38.8876,-76.5119,93.2,77,100,5.01,overcast clouds,2021-06-21 16:53:26
488,Zurrieq,MT,35.8311,14.4742,87.31,30,0,10.36,clear sky,2021-06-21 16:53:26
489,Quelimane,MZ,-17.8786,36.8883,73.35,83,20,8.01,few clouds,2021-06-21 16:53:26
490,Polunochnoye,RU,60.8697,60.4153,47.59,93,100,2.91,overcast clouds,2021-06-21 16:53:27
491,Risalpur,PK,34.0619,71.9917,90.18,19,18,5.01,few clouds,2021-06-21 16:53:27
492,Le Vauclin,MQ,14.5452,-60.8388,86.05,66,40,16.11,scattered clouds,2021-06-21 16:53:27
493,Caravelas,BR,-17.7125,-39.2481,78.55,65,1,7.61,clear sky,2021-06-21 16:53:28
494,Berlevag,NO,70.8578,29.0864,46.89,92,100,24.9,overcast clouds,2021-06-21 16:53:28
495,Sangar,RU,63.9242,127.4739,65.53,64,21,4.21,few clouds,2021-06-21 16:53:29
496,Pochutla,MX,15.7432,-96.4661,89.82,62,98,4.18,overcast clouds,2021-06-21 16:53:29
497,Erenhot,CN,43.6475,111.9767,70.99,33,96,7.61,overcast clouds,2021-06-21 16:53:29
498,Gerash,IR,27.6652,54.1371,96.94,9,0,3.02,clear sky,2021-06-21 16:53:30
499,Aykhal,RU,66.0,111.5,64.44,61,22,4.27,few clouds,2021-06-21 16:53:30
500,Caramay,PH,10.1815,119.236,78.76,81,97,3.44,overcast clouds,2021-06-21 16:53:30
501,Lima,PE,-12.0432,-77.0282,64.65,77,90,8.05,overcast clouds,2021-06-21 16:51:59
502,Galle,LK,6.0367,80.217,80.74,85,52,11.41,broken clouds,2021-06-21 16:53:31
503,Camacupa,AO,-12.0167,17.4833,63.82,37,6,3.31,clear sky,2021-06-21 16:53:32
504,Ballina,AU,-28.8667,153.5667,55.36,95,40,9.22,scattered clouds,2021-06-21 16:53:32
505,Umm Lajj,SA,25.0213,37.2685,85.69,54,42,9.24,scattered clouds,2021-06-21 16:53:32
506,Orbetello,IT,42.4408,11.2196,87.62,73,20,14.97,few clouds,2021-06-21 16:53:33
507,Bambanglipuro,ID,-7.95,110.2833,58.6,91,99,2.64,moderate rain,2021-06-21 16:53:33
508,Brus,RS,43.3836,21.0336,81.52,86,62,7.07,moderate rain,2021-06-21 16:53:33
509,Sampit,ID,-2.5333,112.95,73.42,97,100,1.97,light rain,2021-06-21 16:53:34
510,Komsomolskiy,UZ,40.4272,71.7189,83.12,16,0,6.91,clear sky,2021-06-21 16:53:34
511,Kralendijk,BQ,12.15,-68.2667,80.85,83,56,21.21,broken clouds,2021-06-21 16:53:35
512,Tigil,RU,57.8,158.6667,43.74,87,100,3.4,overcast clouds,2021-06-21 16:53:35
513,Polovinnoye,RU,54.7914,65.9864,56.3,71,93,6.89,overcast clouds,2021-06-21 16:53:35
514,Baykit,RU,61.67,96.37,59.88,96,91,2.75,light rain,2021-06-21 16:53:36
515,Acajutiba,BR,-11.6622,-38.0172,81.48,68,57,7.16,broken clouds,2021-06-21 16:53:36
516,Magdagachi,RU,53.45,125.8,56.55,95,81,2.3,light rain,2021-06-21 16:53:36
517,Verkhoyansk,RU,67.5447,133.385,61.05,49,10,5.06,clear sky,2021-06-21 16:53:37
518,Barcelona,ES,41.3888,2.159,86.18,56,20,7.0,few clouds,2021-06-21 16:52:52
519,Peterlee,GB,54.7603,-1.3365,58.98,60,95,5.01,overcast clouds,2021-06-21 16:53:37
520,Inhambane,MZ,-23.865,35.3833,69.78,73,20,5.99,few clouds,2021-06-21 16:53:38
521,Goma,CD,-1.6792,29.2228,63.68,85,83,2.17,light rain,2021-06-21 16:53:38
522,Maneadero,MX,31.7167,-116.5667,64.09,87,14,1.01,few clouds,2021-06-21 16:53:38
523,Rio Claro,BR,-22.4114,-47.5614,80.78,39,66,2.15,broken clouds,2021-06-21 16:53:39
524,Narrabri,AU,-30.3167,149.7833,48.29,81,0,12.66,clear sky,2021-06-21 16:53:39
525,Beringovskiy,RU,63.05,179.3167,42.94,72,84,13.11,broken clouds,2021-06-21 16:53:40
526,Wanning,CN,18.8003,110.3967,82.47,88,99,12.66,overcast clouds,2021-06-21 16:53:40
527,Jaguaquara,BR,-13.5306,-39.9708,83.52,39,15,6.51,few clouds,2021-06-21 16:53:41
528,Marrakesh,MA,31.6315,-8.0083,87.87,33,0,5.75,clear sky,2021-06-21 16:53:41
529,Murray Bridge,AU,-35.1167,139.2667,55.44,66,100,9.44,overcast clouds,2021-06-21 16:53:41
530,Bud,US,39.447,-86.1758,77.31,74,95,16.71,overcast clouds,2021-06-21 16:53:42
531,Nador,MA,35.174,-2.9287,78.87,53,0,16.11,clear sky,2021-06-21 16:53:42
532,Songea,TZ,-10.6833,35.65,62.28,70,100,2.73,overcast clouds,2021-06-21 16:53:42
533,Maputo,MZ,-25.9653,32.5892,67.23,77,20,5.75,few clouds,2021-06-21 16:53:43
534,Cabra,ES,37.4725,-4.4421,80.04,26,0,12.5,clear sky,2021-06-21 16:53:43
535,Prince Rupert,CA,54.3161,-130.3201,57.29,97,90,3.44,overcast clouds,2021-06-21 16:50:46
536,Ahipara,NZ,-35.1667,173.1667,58.19,77,40,17.96,scattered clouds,2021-06-21 16:53:44
537,Cascais,PT,38.6979,-9.4215,69.98,68,40,5.99,scattered clouds,2021-06-21 16:53:44
538,Sabang,ID,5.8933,95.3214,83.01,74,55,25.37,broken clouds,2021-06-21 16:53:45
539,Lompoc,US,34.6391,-120.4579,60.94,91,90,3.44,light intensity drizzle,2021-06-21 16:53:45
540,Rio Gallegos,AR,-51.6226,-69.2181,42.85,75,75,16.11,broken clouds,2021-06-21 16:53:37
541,Surin,TH,14.8818,103.4936,79.9,80,100,14.07,overcast clouds,2021-06-21 16:53:46
542,Moguer,ES,37.2756,-6.8385,74.88,52,4,11.01,clear sky,2021-06-21 16:53:46
543,Wewak,PG,-3.5534,143.6268,78.57,85,100,8.68,overcast clouds,2021-06-21 16:53:46
544,Lolodorf,CM,3.2333,10.7333,71.28,97,100,4.92,heavy intensity rain,2021-06-21 16:53:47
545,Yumen,CN,40.2833,97.2,72.63,27,94,13.4,overcast clouds,2021-06-21 16:53:47
546,George,ZA,-33.963,22.4617,74.75,25,0,9.22,clear sky,2021-06-21 16:53:48
547,Coihaique,CL,-45.5752,-72.0662,43.41,100,90,2.3,light rain,2021-06-21 16:53:48
548,Thessalon,CA,46.2501,-83.5666,61.09,80,90,17.72,overcast clouds,2021-06-21 16:53:48
549,Maceio,BR,-9.6658,-35.7353,81.84,74,75,10.36,broken clouds,2021-06-21 16:53:49
550,Hare Bay,CA,48.8499,-54.0148,69.19,60,92,7.36,overcast clouds,2021-06-21 16:53:49
551,Kuroiso,JP,36.9667,140.05,61.39,97,84,2.95,broken clouds,2021-06-21 16:53:49
552,Cam Ranh,VN,11.9214,109.1591,84.16,74,20,9.22,few clouds,2021-06-21 16:53:50
553,Beyneu,KZ,45.3167,55.2,94.55,22,29,7.81,scattered clouds,2021-06-21 16:53:50
554,Beatrice,US,40.2681,-96.747,75.72,43,40,8.05,scattered clouds,2021-06-21 16:53:51
555,Kindu,CD,-2.95,25.95,76.19,71,93,5.1,light rain,2021-06-21 16:53:51
556,Noshiro,JP,40.2039,140.0242,58.41,90,8,6.42,clear sky,2021-06-21 16:53:51
557,Belaya Gora,RU,68.5333,146.4167,59.7,47,5,7.65,clear sky,2021-06-21 16:53:52
558,Port Macquarie,AU,-31.4333,152.9167,51.89,87,89,8.79,overcast clouds,2021-06-21 16:53:52
559,Abomsa,ET,9.9833,39.9833,82.27,28,4,2.75,clear sky,2021-06-21 16:53:52
560,Russell,US,32.3502,-85.1999,84.11,65,75,8.05,broken clouds,2021-06-21 16:53:53
561,Dana Point,US,33.467,-117.6981,83.73,77,54,3.0,broken clouds,2021-06-21 16:53:53
562,Muravlenko,RU,63.7898,74.523,48.29,57,96,10.78,overcast clouds,2021-06-21 16:53:54
563,Havre-Saint-Pierre,CA,50.2334,-63.5986,70.16,64,1,6.91,clear sky,2021-06-21 16:53:54
564,Port Blair,IN,11.6667,92.75,83.01,78,98,14.85,overcast clouds,2021-06-21 16:53:54
565,Yabrud,SY,33.9674,36.6574,71.26,45,0,2.77,clear sky,2021-06-21 16:53:55
566,Strezhevoy,RU,60.7333,77.5889,49.98,77,96,6.91,overcast clouds,2021-06-21 16:53:55
567,Krasnovishersk,RU,60.4078,57.082,52.48,89,94,3.85,overcast clouds,2021-06-21 16:53:56
568,High Level,CA,58.5169,-117.136,64.51,63,75,4.61,broken clouds,2021-06-21 16:53:56
569,Nizhniy Kuranakh,RU,58.8353,125.4869,59.18,96,91,3.24,overcast clouds,2021-06-21 16:53:56
570,Baherden,TM,38.4362,57.4316,84.63,11,0,6.44,clear sky,2021-06-21 16:53:57
571,Yazman,PK,29.1212,71.7446,91.36,37,18,16.89,few clouds,2021-06-21 16:53:57
572,Hofn,IS,64.2539,-15.2082,46.42,81,40,20.71,scattered clouds,2021-06-21 16:53:57
573,Hendek,TR,40.7994,30.7481,67.1,92,95,2.64,overcast clouds,2021-06-21 16:53:58
574,Dunedin,NZ,-45.8742,170.5036,46.8,78,100,11.99,overcast clouds,2021-06-21 16:53:58
575,Annau,TM,37.8876,58.516,87.3,11,0,6.91,clear sky,2021-06-21 16:53:59
576,Redcliffe,AU,-27.2307,153.0973,56.89,86,0,10.36,clear sky,2021-06-21 16:53:59
577,Winslow,US,35.0242,-110.6974,91.96,11,1,1.99,clear sky,2021-06-21 16:53:59
578,Auki,SB,-8.7676,160.7034,76.68,88,49,3.91,scattered clouds,2021-06-21 16:54:00
579,Tias,ES,28.9611,-13.645,74.88,50,20,16.11,few clouds,2021-06-21 16:54:00
580,Presidencia Roque Saenz Pena,AR,-26.7852,-60.4388,68.94,51,83,3.4,broken clouds,2021-06-21 16:54:01
581,Guerrero,MX,17.6667,-100.0,79.07,68,45,2.62,scattered clouds,2021-06-21 16:53:39
582,Bahia Honda,CU,22.9036,-83.1592,89.33,61,63,7.72,broken clouds,2021-06-21 16:54:02
583,Pontianak,ID,-0.0333,109.3333,76.98,94,75,3.44,broken clouds,2021-06-21 16:54:02
584,Fjerritslev,DK,57.0813,9.2664,57.92,81,100,14.61,overcast clouds,2021-06-21 16:54:03
585,Wakkanai,JP,45.4094,141.6739,51.96,60,21,5.68,few clouds,2021-06-21 16:54:03
586,Clonakilty,IE,51.6231,-8.8706,66.09,61,13,12.95,few clouds,2021-06-21 16:54:03
587,Kalmunai,LK,7.4167,81.8167,82.71,79,89,6.42,overcast clouds,2021-06-21 16:54:04
588,Kavaratti,IN,10.5669,72.642,82.53,78,93,17.47,overcast clouds,2021-06-21 16:54:05
589,Tornio,FI,65.8481,24.1466,59.02,96,87,7.7,overcast clouds,2021-06-21 16:54:05
590,Derzhavinsk,KZ,51.1,66.3167,60.19,55,63,10.56,broken clouds,2021-06-21 16:54:05
591,Ahuimanu,US,21.4447,-157.8378,75.85,76,1,5.75,light rain,2021-06-21 16:54:06
592,Evensk,RU,61.95,159.2333,51.94,65,77,3.71,broken clouds,2021-06-21 16:54:06
593,Katsuura,JP,35.1333,140.3,71.71,86,89,3.13,overcast clouds,2021-06-21 16:54:07
594,Hirara,JP,24.8,125.2833,79.68,89,100,18.25,light rain,2021-06-21 16:54:07
595,Trat,TH,12.5,102.5,82.78,91,46,4.72,scattered clouds,2021-06-21 16:54:07
596,Asyut,EG,27.181,31.1837,102.38,14,0,13.76,clear sky,2021-06-21 16:54:08
597,Nefteyugansk,RU,61.0998,72.6035,50.25,71,68,5.23,broken clouds,2021-06-21 16:49:10
598,Shahreza,IR,32.0339,51.8794,81.36,9,0,17.07,clear sky,2021-06-21 16:54:08
599,Coahuayana,MX,18.7333,-103.6833,87.91,64,94,4.54,overcast clouds,2021-06-21 16:54:09
600,Vestmanna,FO,62.1564,-7.1664,47.32,81,75,10.36,broken clouds,2021-06-21 16:54:09
601,Namibe,AO,-15.1961,12.1522,70.25,74,5,5.17,clear sky,2021-06-21 16:54:10
602,Bichena,ET,10.45,38.2,63.63,44,84,3.62,light rain,2021-06-21 16:54:10
603,Kailua,US,21.4022,-157.7394,76.14,71,1,5.75,light rain,2021-06-21 16:50:15
604,Aban,RU,56.67,96.06,43.81,96,61,6.15,broken clouds,2021-06-21 16:54:11
605,Morehead,US,37.2711,-87.1764,84.49,70,75,8.05,broken clouds,2021-06-21 16:54:11
606,Krasnyy Chikoy,RU,50.3643,108.7512,53.91,94,32,3.98,scattered clouds,2021-06-21 16:54:11
607,Port Arthur,CN,38.8,121.2667,71.91,53,22,9.37,few clouds,2021-06-21 16:54:12
608,Birin,NP,26.8865,88.0718,64.0,93,56,3.36,broken clouds,2021-06-21 16:54:12
609,Road Town,VG,18.4167,-64.6167,86.04,70,40,16.11,scattered clouds,2021-06-21 16:54:13
610,Shache,CN,38.4167,77.2406,75.78,27,99,7.11,overcast clouds,2021-06-21 16:54:13
611,Borgomanero,IT,45.7024,8.4581,84.88,90,43,1.01,scattered clouds,2021-06-21 16:54:13
612,Novosergiyevka,RU,52.0934,53.6528,72.9,57,0,3.56,clear sky,2021-06-21 16:54:14
613,Lucea,JM,18.451,-78.1736,89.46,69,24,15.64,few clouds,2021-06-21 16:54:14
614,Katangli,RU,51.7102,143.2326,41.97,87,55,5.73,broken clouds,2021-06-21 16:54:15
615,Meulaboh,ID,4.1363,96.1285,76.35,86,95,6.24,moderate rain,2021-06-21 16:54:15
616,Hillsborough,US,37.5741,-122.3794,72.28,72,40,4.0,scattered clouds,2021-06-21 16:54:15
617,Batagay-Alyta,RU,67.8006,130.4114,63.45,47,67,2.1,broken clouds,2021-06-21 16:54:16
618,Yamethin,MM,20.4333,96.15,76.23,91,59,8.63,broken clouds,2021-06-21 16:54:16
619,Asuncion Ixtaltepec,MX,16.5,-95.05,86.92,63,98,10.69,overcast clouds,2021-06-21 16:54:17
620,Asaba,NG,6.2006,6.7338,74.12,96,99,3.04,moderate rain,2021-06-21 16:54:17
621,Mackay,AU,-21.15,149.2,58.05,93,0,4.61,clear sky,2021-06-21 16:54:18
622,Stykkisholmur,IS,65.0757,-22.7297,47.77,94,100,22.64,moderate rain,2021-06-21 16:54:18
623,Ajdabiya,LY,30.7554,20.2263,80.71,46,0,15.03,clear sky,2021-06-21 16:54:18
624,Zagan,PL,51.6176,15.3149,84.69,65,90,1.72,overcast clouds,2021-06-21 16:54:19
625,Bilibino,RU,68.0546,166.4372,56.68,57,24,3.06,few clouds,2021-06-21 16:54:19
626,Ozernovskiy,RU,51.5,156.5167,42.78,89,25,1.01,scattered clouds,2021-06-21 16:54:19
627,Roald,NO,62.5833,6.1333,57.09,76,75,9.22,broken clouds,2021-06-21 16:54:20
628,Fukue,JP,32.6881,128.8419,73.08,78,41,10.16,scattered clouds,2021-06-21 16:54:20
629,Dzilam Gonzalez,MX,21.2833,-88.9333,93.06,48,82,9.19,broken clouds,2021-06-21 16:54:21
630,Noumea,NC,-22.2763,166.4572,69.01,99,7,3.67,clear sky,2021-06-21 16:54:21
631,Richards Bay,ZA,-28.783,32.0377,65.91,75,0,9.91,clear sky,2021-06-21 16:54:21
632,Bonthe,SL,7.5264,-12.505,77.09,87,100,9.62,moderate rain,2021-06-21 16:54:22
633,Jinxiang,CN,27.4327,120.6062,69.57,86,100,7.47,overcast clouds,2021-06-21 16:54:22
634,Sinaloa,MX,25.0,-107.5,88.11,60,25,4.0,scattered clouds,2021-06-21 16:54:23
635,Musenita,RO,47.9667,26.0,79.47,79,83,5.95,broken clouds,2021-06-21 16:54:23
636,Novyy Urengoy,RU,66.0833,76.6333,47.08,56,51,14.45,broken clouds,2021-06-21 16:50:31
637,Arlit,NE,18.7369,7.3853,106.74,9,12,4.12,few clouds,2021-06-21 16:54:24
638,Novyy Urgal,RU,51.0736,132.5642,56.88,84,20,2.53,few clouds,2021-06-21 16:54:24
639,Zhoucun,CN,36.8167,117.8167,78.57,40,92,3.85,light rain,2021-06-21 16:54:24
640,Pietarsaari,FI,63.65,22.6833,69.93,91,100,11.79,overcast clouds,2021-06-21 16:54:25
641,Sai Buri,TH,6.7013,101.6168,78.28,82,69,5.68,broken clouds,2021-06-21 16:54:25
642,Basco,PH,20.4487,121.9702,83.61,86,100,26.4,overcast clouds,2021-06-21 16:54:26
643,Broome,US,42.2506,-75.833,88.05,62,91,4.0,overcast clouds,2021-06-21 16:54:26
644,Milkovo,RU,54.7167,158.6167,43.95,90,100,3.11,overcast clouds,2021-06-21 16:54:26
645,Callaway,US,30.153,-85.5699,84.18,92,90,5.01,moderate rain,2021-06-21 16:54:27
646,Petlad,IN,22.4667,72.8,80.94,68,82,6.51,broken clouds,2021-06-21 16:54:27
647,Dunstable,GB,51.886,-0.521,57.31,82,20,14.97,light rain,2021-06-21 16:54:27
648,Kirksville,US,40.1948,-92.5833,68.18,53,1,11.5,clear sky,2021-06-21 16:51:52
649,Mercedes,AR,-34.6515,-59.4307,53.64,73,93,4.25,overcast clouds,2021-06-21 16:54:28
650,Jalu,LY,29.0331,21.5482,95.38,17,0,11.7,clear sky,2021-06-21 16:54:29
651,Ust-Kuyga,RU,70.0167,135.6,60.91,51,54,2.59,broken clouds,2021-06-21 16:54:29
652,Kushiro,JP,42.975,144.3747,45.66,79,1,4.38,clear sky,2021-06-21 16:54:29
653,Chimore,BO,-16.9833,-65.1333,81.1,48,47,4.09,scattered clouds,2021-06-21 16:54:30
654,Soyo,AO,-6.1349,12.3689,78.85,82,80,10.31,broken clouds,2021-06-21 16:54:30
655,Alibag,IN,18.6411,72.8792,84.27,80,64,5.82,broken clouds,2021-06-21 16:54:30
656,Ampanihy,MG,-24.7,44.75,66.15,67,0,9.53,clear sky,2021-06-21 16:54:31
657,Pundaguitan,PH,6.3711,126.1689,83.55,74,72,9.33,broken clouds,2021-06-21 16:54:31
658,Rudnichnyy,RU,59.617,52.4703,69.69,73,72,5.48,broken clouds,2021-06-21 16:54:32
659,Trelew,AR,-43.249,-65.3051,53.17,38,57,8.1,broken clouds,2021-06-21 16:54:32
660,Praia Da Vitoria,PT,38.7333,-27.0667,71.85,64,40,7.27,scattered clouds,2021-06-21 16:54:33
661,Darhan,MN,49.4867,105.9228,65.97,55,25,3.71,scattered clouds,2021-06-21 16:54:33
662,Alice Springs,AU,-23.7,133.8833,54.95,44,100,6.91,overcast clouds,2021-06-21 16:54:33
663,Ginda,IN,30.6945,78.4932,67.62,86,57,2.82,broken clouds,2021-06-21 16:54:34
664,Ilinskiy,RU,55.619,38.1182,84.78,47,100,0.0,overcast clouds,2021-06-21 16:54:34
665,Dalby,AU,-27.1833,151.2667,41.7,86,1,10.22,clear sky,2021-06-21 16:54:34
666,Zhuhai,CN,22.2769,113.5678,87.06,94,40,11.5,light rain,2021-06-21 16:54:35
667,Labuhan,ID,-6.8844,112.2051,77.7,84,100,5.79,overcast clouds,2021-06-21 16:54:35
668,Kloulklubed,PW,7.0419,134.2556,75.7,71,29,2.82,scattered clouds,2021-06-21 16:54:36
669,Mackenzie,CA,55.2999,-123.1698,62.82,55,1,6.91,clear sky,2021-06-21 16:54:36
670,Shetpe,KZ,44.1667,52.1167,89.96,14,3,9.28,clear sky,2021-06-21 16:54:36
671,Jevargi,IN,17.0167,76.7667,84.42,55,100,19.71,overcast clouds,2021-06-21 16:54:37
672,Aloleng,PH,16.1307,119.7824,82.76,77,100,12.24,overcast clouds,2021-06-21 16:54:37
673,Karasburg,NA,-28.0167,18.75,63.66,28,0,10.38,clear sky,2021-06-21 16:54:38
674,Ponte De Sor,PT,39.2496,-8.0101,71.58,56,86,11.34,overcast clouds,2021-06-21 16:54:38
675,Pangody,RU,65.85,74.4859,46.83,60,71,12.73,broken clouds,2021-06-21 16:54:38
676,Semirom,IR,31.4167,51.5667,70.7,15,0,12.19,clear sky,2021-06-21 16:54:39
677,Salta,AR,-24.7859,-65.4117,48.49,32,29,4.03,scattered clouds,2021-06-21 16:49:49
678,Tautira,PF,-17.7333,-149.15,71.62,77,12,3.15,few clouds,2021-06-21 16:54:39
679,Yarada,IN,17.65,83.2667,86.32,74,40,2.3,haze,2021-06-21 16:54:40
680,Nueve De Julio,AR,-35.4444,-60.8831,49.71,73,100,6.42,overcast clouds,2021-06-21 16:54:40
681,Pangkalanbuun,ID,-2.6833,111.6167,73.0,97,85,1.07,overcast clouds,2021-06-21 16:54:40
682,Zelenets,RU,61.8849,50.7489,82.65,59,85,4.18,overcast clouds,2021-06-21 16:54:41
683,Chapais,CA,49.7834,-74.8492,69.58,93,100,7.61,overcast clouds,2021-06-21 16:54:41
684,High Prairie,CA,55.4334,-116.4858,67.3,60,82,6.96,broken clouds,2021-06-21 16:54:42
685,Zaysan,KZ,47.4667,84.8667,57.29,42,88,4.79,overcast clouds,2021-06-21 16:54:42
686,Kutum,SD,14.2,24.6667,90.45,14,96,6.46,overcast clouds,2021-06-21 16:54:43
687,Guozhen,CN,34.3659,107.359,75.06,49,9,5.48,clear sky,2021-06-21 16:54:43
688,Camacha,PT,33.0833,-16.3333,69.22,46,20,13.8,few clouds,2021-06-21 16:54:43
689,Chapada Dos Guimaraes,BR,-15.4606,-55.7497,82.06,28,6,6.76,clear sky,2021-06-21 16:54:44
690,Tezu,IN,27.9167,96.1667,76.37,97,67,3.49,broken clouds,2021-06-21 16:54:44
691,Koungheul,SN,13.9833,-14.8,99.43,25,96,9.33,overcast clouds,2021-06-21 16:54:45
692,Sabzevar,IR,36.2126,57.6819,80.01,10,0,16.91,clear sky,2021-06-21 16:54:45
693,Nanakuli,US,21.3906,-158.1547,76.1,94,40,0.0,scattered clouds,2021-06-21 16:54:45
694,Luganville,VU,-15.5333,167.1667,77.13,86,73,6.38,broken clouds,2021-06-21 16:54:46
695,Santa Marta,CO,11.2408,-74.199,84.09,74,98,5.91,overcast clouds,2021-06-21 16:54:46
696,Bihoro,JP,43.8228,144.1044,46.98,93,1,2.53,clear sky,2021-06-21 16:54:46
697,Bac Giang,VN,21.2667,106.2,89.67,61,100,7.43,overcast clouds,2021-06-21 16:54:47
